bsim4 ,waveVsWave(?x (OP("/M0" "gm") / OP("/M0" "ids")) ?y (OP("/M0" "gm") / (6.283185 * OP("/M0" "cgg")))) l 4.5e-08 ,bsim4 ,waveVsWave(?x (OP("/M0" "gm") / OP("/M0" "ids")) ?y (OP("/M0" "gm") / (6.283185 * OP("/M0" "cgg")))) l 6.75e-08 ,bsim4 ,waveVsWave(?x (OP("/M0" "gm") / OP("/M0" "ids")) ?y (OP("/M0" "gm") / (6.283185 * OP("/M0" "cgg")))) l 9e-08 ,bsim4 ,waveVsWave(?x (OP("/M0" "gm") / OP("/M0" "ids")) ?y (OP("/M0" "gm") / (6.283185 * OP("/M0" "cgg")))) l 1.125e-07 ,bsim4 ,waveVsWave(?x (OP("/M0" "gm") / OP("/M0" "ids")) ?y (OP("/M0" "gm") / (6.283185 * OP("/M0" "cgg")))) l 1.35e-07 ,bsim4 ,waveVsWave(?x (OP("/M0" "gm") / OP("/M0" "ids")) ?y (OP("/M0" "gm") / (6.283185 * OP("/M0" "cgg")))) l 1.575e-07 ,bsim4 ,waveVsWave(?x (OP("/M0" "gm") / OP("/M0" "ids")) ?y (OP("/M0" "gm") / (6.283185 * OP("/M0" "cgg")))) l 1.8e-07 ,bsim4 ,waveVsWave(?x (OP("/M0" "gm") / OP("/M0" "ids")) ?y (OP("/M0" "gm") / (6.283185 * OP("/M0" "cgg")))) l 2.025e-07 ,bsim4 ,waveVsWave(?x (OP("/M0" "gm") / OP("/M0" "ids")) ?y (OP("/M0" "gm") / (6.283185 * OP("/M0" "cgg")))) l 2.25e-07 ,bsim4 ,waveVsWave(?x (OP("/M0" "gm") / OP("/M0" "ids")) ?y (OP("/M0" "gm") / (6.283185 * OP("/M0" "cgg")))) l 2.475e-07 ,bsim4 ,waveVsWave(?x (OP("/M0" "gm") / OP("/M0" "ids")) ?y (OP("/M0" "gm") / (6.283185 * OP("/M0" "cgg")))) l 2.7e-07 
26.69,12.16E6,26.76,1.337E6,26.77,632.5E3,26.77,389.7E3,26.77,269.3E3,26.77,198.9E3,26.77,153.6E3,26.77,122.5E3,26.77,100.2E3,26.77,83.51E3,26.77,70.74E3
26.68,13.84E6,26.76,1.524E6,26.76,721.9E3,26.77,445.0E3,26.77,307.7E3,26.77,227.3E3,26.77,175.6E3,26.77,140.1E3,26.77,114.6E3,26.77,95.54E3,26.77,80.95E3
26.67,15.76E6,26.75,1.738E6,26.76,824.0E3,26.76,508.2E3,26.76,351.5E3,26.76,259.8E3,26.76,200.8E3,26.76,160.2E3,26.76,131.1E3,26.76,109.3E3,26.76,92.62E3
26.66,17.94E6,26.74,1.982E6,26.75,940.3E3,26.75,580.3E3,26.75,401.6E3,26.76,296.9E3,26.76,229.5E3,26.76,183.2E3,26.76,149.9E3,26.76,125.0E3,26.76,106.0E3
26.65,20.42E6,26.74,2.260E6,26.74,1.073E6,26.75,662.7E3,26.75,458.7E3,26.75,339.3E3,26.75,262.4E3,26.75,209.5E3,26.75,171.4E3,26.75,143.0E3,26.75,121.2E3
26.63,23.24E6,26.73,2.577E6,26.74,1.225E6,26.74,756.6E3,26.74,524.0E3,26.74,387.8E3,26.74,299.9E3,26.74,239.5E3,26.74,196.0E3,26.74,163.6E3,26.74,138.7E3
26.62,26.46E6,26.72,2.938E6,26.73,1.397E6,26.73,863.9E3,26.73,598.6E3,26.73,443.1E3,26.73,342.8E3,26.74,273.8E3,26.74,224.2E3,26.74,187.1E3,26.74,158.6E3
26.60,30.11E6,26.71,3.350E6,26.72,1.594E6,26.72,986.3E3,26.73,683.7E3,26.73,506.3E3,26.73,391.8E3,26.73,313.0E3,26.73,256.3E3,26.73,214.0E3,26.73,181.4E3
26.59,34.27E6,26.70,3.819E6,26.71,1.819E6,26.72,1.126E6,26.72,780.8E3,26.72,578.4E3,26.72,447.8E3,26.72,357.8E3,26.72,293.0E3,26.72,244.7E3,26.72,207.5E3
26.57,38.99E6,26.69,4.354E6,26.70,2.076E6,26.71,1.285E6,26.71,891.7E3,26.71,660.8E3,26.71,511.7E3,26.71,409.0E3,26.71,335.0E3,26.71,279.8E3,26.71,237.3E3
26.55,44.36E6,26.68,4.964E6,26.69,2.368E6,26.70,1.467E6,26.70,1.018E6,26.70,754.8E3,26.70,584.7E3,26.70,467.5E3,26.70,383.0E3,26.70,319.9E3,26.70,271.4E3
26.53,50.47E6,26.67,5.658E6,26.68,2.701E6,26.69,1.674E6,26.69,1.163E6,26.69,862.2E3,26.69,668.0E3,26.69,534.3E3,26.69,437.8E3,26.69,365.7E3,26.69,310.3E3
26.51,57.41E6,26.66,6.449E6,26.67,3.081E6,26.68,1.911E6,26.68,1.328E6,26.68,984.8E3,26.68,763.2E3,26.68,610.5E3,26.68,500.4E3,26.68,418.0E3,26.68,354.8E3
26.49,65.29E6,26.65,7.349E6,26.66,3.514E6,26.67,2.181E6,26.67,1.516E6,26.67,1.125E6,26.67,871.8E3,26.67,697.6E3,26.67,571.9E3,26.67,477.9E3,26.67,405.6E3
26.46,74.25E6,26.63,8.376E6,26.65,4.008E6,26.65,2.489E6,26.65,1.730E6,26.66,1.284E6,26.66,995.9E3,26.66,797.0E3,26.66,653.5E3,26.66,546.2E3,26.66,463.6E3
26.44,84.43E6,26.62,9.544E6,26.63,4.570E6,26.64,2.840E6,26.64,1.975E6,26.64,1.466E6,26.64,1.137E6,26.64,910.6E3,26.64,746.7E3,26.64,624.2E3,26.64,530.0E3
26.41,95.98E6,26.60,10.87E6,26.62,5.212E6,26.63,3.240E6,26.63,2.254E6,26.63,1.674E6,26.63,1.299E6,26.63,1.040E6,26.63,853.1E3,26.63,713.3E3,26.63,605.7E3
26.38,109.1E6,26.59,12.39E6,26.61,5.942E6,26.61,3.696E6,26.61,2.573E6,26.61,1.911E6,26.62,1.483E6,26.62,1.188E6,26.62,974.6E3,26.62,815.0E3,26.62,692.1E3
26.35,124.0E6,26.57,14.11E6,26.59,6.774E6,26.59,4.215E6,26.60,2.936E6,26.60,2.182E6,26.60,1.694E6,26.60,1.357E6,26.60,1.113E6,26.60,931.1E3,26.60,790.8E3
26.32,140.9E6,26.55,16.08E6,26.57,7.722E6,26.58,4.808E6,26.58,3.349E6,26.58,2.490E6,26.58,1.934E6,26.58,1.549E6,26.58,1.271E6,26.58,1.064E6,26.58,903.5E3
26.29,160.0E6,26.53,18.31E6,26.55,8.801E6,26.56,5.483E6,26.56,3.821E6,26.56,2.842E6,26.57,2.207E6,26.57,1.769E6,26.57,1.452E6,26.57,1.215E6,26.57,1.032E6
26.25,181.7E6,26.51,20.85E6,26.53,10.03E6,26.54,6.251E6,26.54,4.359E6,26.55,3.243E6,26.55,2.519E6,26.55,2.019E6,26.55,1.658E6,26.55,1.387E6,26.55,1.179E6
26.21,206.4E6,26.49,23.74E6,26.51,11.43E6,26.52,7.127E6,26.52,4.971E6,26.53,3.699E6,26.53,2.875E6,26.53,2.305E6,26.53,1.893E6,26.53,1.584E6,26.53,1.346E6
26.17,234.2E6,26.46,27.02E6,26.49,13.02E6,26.50,8.124E6,26.50,5.669E6,26.50,4.220E6,26.51,3.280E6,26.51,2.630E6,26.51,2.160E6,26.51,1.808E6,26.51,1.537E6
26.13,265.8E6,26.44,30.76E6,26.47,14.83E6,26.48,9.259E6,26.48,6.463E6,26.48,4.813E6,26.48,3.742E6,26.48,3.002E6,26.48,2.466E6,26.49,2.064E6,26.49,1.755E6
26.08,301.6E6,26.41,35.00E6,26.44,16.89E6,26.45,10.55E6,26.46,7.368E6,26.46,5.488E6,26.46,4.268E6,26.46,3.424E6,26.46,2.813E6,26.46,2.356E6,26.46,2.003E6
26.04,342.0E6,26.38,39.82E6,26.42,19.24E6,26.43,12.02E6,26.43,8.397E6,26.43,6.257E6,26.43,4.867E6,26.44,3.906E6,26.44,3.210E6,26.44,2.688E6,26.44,2.286E6
25.99,387.8E6,26.35,45.30E6,26.39,21.90E6,26.40,13.69E6,26.40,9.569E6,26.41,7.132E6,26.41,5.550E6,26.41,4.454E6,26.41,3.661E6,26.41,3.066E6,26.41,2.608E6
25.93,439.5E6,26.32,51.52E6,26.36,24.93E6,26.37,15.59E6,26.37,10.90E6,26.38,8.128E6,26.38,6.326E6,26.38,5.079E6,26.38,4.175E6,26.38,3.497E6,26.38,2.975E6
25.88,497.9E6,26.29,58.58E6,26.33,28.37E6,26.34,17.75E6,26.34,12.42E6,26.35,9.261E6,26.35,7.210E6,26.35,5.789E6,26.35,4.760E6,26.35,3.988E6,26.35,3.393E6
25.82,563.8E6,26.25,66.60E6,26.29,32.28E6,26.31,20.21E6,26.31,14.14E6,26.32,10.55E6,26.32,8.215E6,26.32,6.598E6,26.32,5.426E6,26.32,4.547E6,26.32,3.868E6
25.75,638.2E6,26.21,75.69E6,26.26,36.71E6,26.27,23.00E6,26.28,16.10E6,26.28,12.01E6,26.28,9.358E6,26.28,7.517E6,26.28,6.183E6,26.29,5.182E6,26.29,4.410E6
25.69,722.1E6,26.17,85.99E6,26.22,41.75E6,26.24,26.17E6,26.24,18.32E6,26.24,13.68E6,26.25,10.66E6,26.25,8.563E6,26.25,7.044E6,26.25,5.905E6,26.25,5.025E6
25.62,816.6E6,26.13,97.67E6,26.18,47.46E6,26.20,29.77E6,26.20,20.85E6,26.21,15.57E6,26.21,12.13E6,26.21,9.751E6,26.21,8.023E6,26.21,6.726E6,26.21,5.725E6
25.54,923.0E6,26.09,110.9E6,26.14,53.94E6,26.16,33.85E6,26.16,23.72E6,26.17,17.72E6,26.17,13.81E6,26.17,11.10E6,26.17,9.136E6,26.17,7.660E6,26.17,6.521E6
25.46,1.043E9,26.04,125.9E6,26.09,61.28E6,26.11,38.48E6,26.12,26.97E6,26.12,20.15E6,26.13,15.71E6,26.13,12.63E6,26.13,10.40E6,26.13,8.720E6,26.13,7.425E6
25.38,1.177E9,25.99,142.8E6,26.05,69.60E6,26.07,43.72E6,26.07,30.66E6,26.08,22.92E6,26.08,17.87E6,26.08,14.37E6,26.08,11.83E6,26.08,9.924E6,26.08,8.451E6
25.30,1.329E9,25.94,162.0E6,26.00,79.02E6,26.02,49.67E6,26.03,34.85E6,26.03,26.05E6,26.03,20.32E6,26.04,16.35E6,26.04,13.46E6,26.04,11.29E6,26.04,9.616E6
25.21,1.498E9,25.88,183.7E6,25.95,89.69E6,25.97,56.40E6,25.98,39.59E6,25.98,29.61E6,25.98,23.10E6,25.99,18.58E6,25.99,15.31E6,25.99,12.84E6,25.99,10.94E6
25.11,1.689E9,25.82,208.2E6,25.89,101.8E6,25.91,64.02E6,25.92,44.95E6,25.93,33.63E6,25.93,26.25E6,25.93,21.12E6,25.93,17.40E6,25.93,14.60E6,25.94,12.44E6
25.02,1.902E9,25.76,235.9E6,25.83,115.4E6,25.86,72.65E6,25.87,51.03E6,25.87,38.19E6,25.88,29.81E6,25.88,23.99E6,25.88,19.77E6,25.88,16.59E6,25.88,14.13E6
24.91,2.141E9,25.69,267.1E6,25.77,130.8E6,25.80,82.40E6,25.81,57.90E6,25.81,43.34E6,25.82,33.84E6,25.82,27.24E6,25.82,22.45E6,25.82,18.84E6,25.82,16.06E6
24.81,2.408E9,25.63,302.3E6,25.71,148.2E6,25.73,93.42E6,25.75,65.67E6,25.75,49.17E6,25.76,38.41E6,25.76,30.92E6,25.76,25.49E6,25.76,21.40E6,25.76,18.23E6
24.70,2.706E9,25.55,342.0E6,25.64,167.9E6,25.67,105.9E6,25.68,74.44E6,25.69,55.76E6,25.69,43.56E6,25.69,35.08E6,25.69,28.92E6,25.70,24.28E6,25.70,20.70E6
24.58,3.039E9,25.48,386.7E6,25.57,190.0E6,25.60,119.9E6,25.61,84.35E6,25.62,63.20E6,25.62,49.39E6,25.63,39.78E6,25.63,32.80E6,25.63,27.54E6,25.63,23.48E6
24.46,3.410E9,25.40,437.0E6,25.50,215.0E6,25.53,135.7E6,25.54,95.53E6,25.55,71.60E6,25.55,55.97E6,25.56,45.09E6,25.56,37.18E6,25.56,31.23E6,25.56,26.62E6
24.34,3.823E9,25.32,493.6E6,25.42,243.1E6,25.45,153.6E6,25.47,108.1E6,25.47,81.08E6,25.48,63.39E6,25.48,51.08E6,25.48,42.13E6,25.48,35.39E6,25.49,30.18E6
24.21,4.283E9,25.23,557.1E6,25.34,274.7E6,25.37,173.7E6,25.39,122.3E6,25.40,91.75E6,25.40,71.75E6,25.40,57.83E6,25.41,47.71E6,25.41,40.08E6,25.41,34.18E6
24.07,4.794E9,25.14,628.5E6,25.26,310.3E6,25.29,196.3E6,25.31,138.3E6,25.31,103.8E6,25.32,81.17E6,25.32,65.44E6,25.33,53.99E6,25.33,45.37E6,25.33,38.70E6
23.94,5.360E9,25.05,708.6E6,25.17,350.3E6,25.20,221.7E6,25.22,156.3E6,25.23,117.3E6,25.24,91.78E6,25.24,74.01E6,25.24,61.07E6,25.24,51.32E6,25.24,43.78E6
23.79,5.988E9,24.95,798.3E6,25.08,395.2E6,25.12,250.3E6,25.13,176.5E6,25.14,132.5E6,25.15,103.7E6,25.15,83.65E6,25.15,69.04E6,25.16,58.03E6,25.16,49.51E6
23.65,6.683E9,24.85,898.8E6,24.98,445.5E6,25.02,282.3E6,25.04,199.2E6,25.05,149.6E6,25.06,117.1E6,25.06,94.48E6,25.06,77.99E6,25.07,65.56E6,25.07,55.94E6
23.50,7.452E9,24.75,1.011E9,24.88,501.9E6,24.93,318.3E6,24.95,224.7E6,24.96,168.8E6,24.96,132.2E6,24.97,106.6E6,24.97,88.05E6,24.97,74.03E6,24.97,63.18E6
23.34,8.300E9,24.64,1.137E9,24.78,565.1E6,24.83,358.6E6,24.85,253.3E6,24.86,190.3E6,24.86,149.1E6,24.87,120.3E6,24.87,99.34E6,24.87,83.54E6,24.88,71.30E6
23.18,9.235E9,24.53,1.277E9,24.68,635.8E6,24.72,403.8E6,24.74,285.3E6,24.76,214.4E6,24.76,168.0E6,24.77,135.6E6,24.77,112.0E6,24.77,94.20E6,24.78,80.41E6
23.02,10.26E9,24.41,1.434E9,24.57,714.8E6,24.62,454.3E6,24.64,321.1E6,24.65,241.4E6,24.66,189.2E6,24.66,152.8E6,24.67,126.2E6,24.67,106.1E6,24.67,90.62E6
22.85,11.40E9,24.30,1.608E9,24.46,803.0E6,24.51,510.7E6,24.53,361.1E6,24.54,271.6E6,24.55,212.9E6,24.56,171.9E6,24.56,142.1E6,24.56,119.5E6,24.57,102.1E6
22.68,12.64E9,24.17,1.803E9,24.34,901.5E6,24.39,573.7E6,24.42,405.9E6,24.43,305.4E6,24.44,239.4E6,24.45,193.4E6,24.45,159.8E6,24.45,134.5E6,24.46,114.8E6
22.50,14.00E9,24.05,2.019E9,24.22,1.011E9,24.28,644.0E6,24.30,455.8E6,24.32,343.1E6,24.33,269.1E6,24.33,217.4E6,24.34,179.7E6,24.34,151.2E6,24.34,129.1E6
22.33,15.49E9,23.92,2.259E9,24.10,1.133E9,24.16,722.3E6,24.19,511.5E6,24.20,385.1E6,24.21,302.1E6,24.22,244.1E6,24.22,201.8E6,24.23,169.9E6,24.23,145.1E6
22.14,17.12E9,23.79,2.526E9,23.98,1.269E9,24.04,809.6E6,24.07,573.6E6,24.08,432.0E6,24.09,338.9E6,24.10,274.0E6,24.11,226.5E6,24.11,190.7E6,24.11,162.9E6
21.96,18.89E9,23.66,2.822E9,23.85,1.420E9,23.92,906.6E6,23.95,642.6E6,23.96,484.1E6,23.97,380.0E6,23.98,307.2E6,23.99,254.0E6,23.99,213.9E6,23.99,182.7E6
21.76,20.82E9,23.52,3.149E9,23.72,1.588E9,23.79,1.014E9,23.82,719.4E6,23.84,542.2E6,23.85,425.6E6,23.86,344.1E6,23.86,284.6E6,23.87,239.7E6,23.87,204.8E6
21.57,22.92E9,23.38,3.512E9,23.59,1.774E9,23.66,1.134E9,23.70,804.6E6,23.72,606.6E6,23.73,476.3E6,23.74,385.2E6,23.74,318.7E6,23.75,268.4E6,23.75,229.4E6
21.37,25.20E9,23.24,3.913E9,23.46,1.980E9,23.53,1.267E9,23.57,899.2E6,23.59,678.2E6,23.60,532.7E6,23.61,430.9E6,23.62,356.5E6,23.62,300.3E6,23.63,256.6E6
21.17,27.66E9,23.10,4.355E9,23.32,2.208E9,23.40,1.414E9,23.44,1.004E9,23.46,757.5E6,23.47,595.1E6,23.48,481.5E6,23.49,398.4E6,23.50,335.6E6,23.50,286.9E6
20.96,30.31E9,22.95,4.843E9,23.19,2.461E9,23.27,1.577E9,23.31,1.120E9,23.33,845.4E6,23.35,664.3E6,23.36,537.6E6,23.36,444.9E6,23.37,374.8E6,23.37,320.4E6
20.74,33.16E9,22.81,5.381E9,23.05,2.739E9,23.14,1.757E9,23.18,1.249E9,23.20,942.6E6,23.22,740.9E6,23.23,599.6E6,23.24,496.3E6,23.24,418.2E6,23.25,357.6E6
20.52,36.23E9,22.66,5.972E9,22.91,3.046E9,23.00,1.955E9,23.05,1.390E9,23.07,1.050E9,23.09,825.5E6,23.10,668.2E6,23.11,553.2E6,23.11,466.2E6,23.12,398.6E6
20.30,39.50E9,22.51,6.622E9,22.77,3.385E9,22.87,2.174E9,22.91,1.547E9,22.94,1.168E9,22.96,918.8E6,22.97,743.9E6,22.98,615.9E6,22.99,519.1E6,22.99,443.9E6
20.06,43.00E9,22.36,7.335E9,22.63,3.757E9,22.73,2.416E9,22.78,1.719E9,22.81,1.299E9,22.83,1.022E9,22.84,827.3E6,22.85,685.1E6,22.86,577.5E6,22.86,493.9E6
19.82,46.71E9,22.20,8.115E9,22.49,4.166E9,22.59,2.681E9,22.65,1.909E9,22.68,1.443E9,22.70,1.135E9,22.71,919.1E6,22.72,761.2E6,22.73,641.7E6,22.73,548.8E6
19.58,50.63E9,22.05,8.969E9,22.35,4.615E9,22.46,2.972E9,22.51,2.117E9,22.54,1.601E9,22.56,1.259E9,22.58,1.020E9,22.59,844.8E6,22.60,712.2E6,22.60,609.2E6
19.32,54.77E9,21.89,9.900E9,22.20,5.106E9,22.32,3.291E9,22.37,2.346E9,22.41,1.774E9,22.43,1.396E9,22.45,1.131E9,22.46,936.4E6,22.47,789.5E6,22.47,675.3E6
19.06,59.12E9,21.73,10.91E9,22.06,5.643E9,22.18,3.640E9,22.24,2.595E9,22.27,1.963E9,22.30,1.545E9,22.31,1.251E9,22.33,1.037E9,22.34,874.0E6,22.34,747.6E6
18.79,63.66E9,21.56,12.02E9,21.91,6.229E9,22.03,4.021E9,22.10,2.868E9,22.14,2.170E9,22.16,1.708E9,22.18,1.383E9,22.19,1.146E9,22.21,966.3E6,22.21,826.6E6
18.52,68.38E9,21.39,13.21E9,21.76,6.866E9,21.89,4.436E9,21.96,3.165E9,22.00,2.395E9,22.03,1.885E9,22.05,1.527E9,22.06,1.265E9,22.07,1.067E9,22.08,912.4E6
18.23,73.27E9,21.22,14.50E9,21.60,7.558E9,21.74,4.887E9,21.82,3.488E9,21.86,2.639E9,21.89,2.077E9,21.91,1.683E9,21.93,1.394E9,21.94,1.175E9,21.95,1.005E9
17.94,78.30E9,21.04,15.90E9,21.45,8.306E9,21.60,5.375E9,21.67,3.837E9,21.72,2.903E9,21.75,2.286E9,21.77,1.852E9,21.79,1.534E9,21.80,1.293E9,21.81,1.106E9
17.64,83.45E9,20.86,17.39E9,21.28,9.114E9,21.44,5.902E9,21.52,4.214E9,21.57,3.189E9,21.61,2.510E9,21.63,2.033E9,21.65,1.684E9,21.66,1.420E9,21.67,1.214E9
17.33,88.69E9,20.67,18.99E9,21.12,9.982E9,21.28,6.469E9,21.37,4.619E9,21.42,3.496E9,21.46,2.751E9,21.48,2.228E9,21.50,1.845E9,21.52,1.555E9,21.53,1.330E9
17.01,94.01E9,20.48,20.70E9,20.95,10.91E9,21.12,7.076E9,21.21,5.054E9,21.27,3.824E9,21.31,3.009E9,21.34,2.437E9,21.36,2.018E9,21.37,1.700E9,21.38,1.454E9
16.69,99.36E9,20.27,22.51E9,20.77,11.90E9,20.95,7.724E9,21.05,5.516E9,21.11,4.173E9,21.15,3.283E9,21.18,2.658E9,21.20,2.200E9,21.22,1.854E9,21.23,1.585E9
16.37,104.7E9,20.06,24.43E9,20.58,12.96E9,20.78,8.412E9,20.88,6.007E9,20.95,4.543E9,20.99,3.573E9,21.02,2.892E9,21.04,2.394E9,21.06,2.016E9,21.08,1.723E9
16.04,110.1E9,19.85,26.45E9,20.39,14.07E9,20.60,9.138E9,20.71,6.525E9,20.78,4.933E9,20.82,3.879E9,20.85,3.138E9,20.88,2.596E9,20.90,2.186E9,20.91,1.868E9
15.70,115.4E9,19.62,28.56E9,20.19,15.24E9,20.41,9.902E9,20.53,7.068E9,20.60,5.342E9,20.64,4.198E9,20.68,3.395E9,20.70,2.808E9,20.73,2.364E9,20.74,2.019E9
15.36,120.6E9,19.38,30.75E9,19.98,16.46E9,20.21,10.70E9,20.33,7.635E9,20.41,5.767E9,20.46,4.530E9,20.50,3.662E9,20.52,3.027E9,20.55,2.547E9,20.56,2.175E9
15.02,125.8E9,19.14,33.03E9,19.76,17.73E9,20.01,11.53E9,20.14,8.223E9,20.21,6.207E9,20.27,4.873E9,20.31,3.937E9,20.34,3.252E9,20.36,2.735E9,20.38,2.335E9
14.67,130.9E9,18.88,35.37E9,19.54,19.04E9,19.79,12.38E9,19.93,8.827E9,20.01,6.660E9,20.07,5.224E9,20.11,4.218E9,20.14,3.483E9,20.16,2.928E9,20.18,2.497E9
14.33,135.9E9,18.62,37.77E9,19.30,20.39E9,19.57,13.26E9,19.71,9.446E9,19.80,7.121E9,19.85,5.582E9,19.90,4.504E9,19.93,3.716E9,19.96,3.122E9,19.98,2.662E9
13.98,140.7E9,18.34,40.22E9,19.05,21.77E9,19.33,14.15E9,19.48,10.08E9,19.57,7.589E9,19.63,5.944E9,19.68,4.792E9,19.71,3.952E9,19.74,3.318E9,19.76,2.828E9
13.64,145.4E9,18.06,42.69E9,18.80,23.17E9,19.09,15.06E9,19.24,10.71E9,19.34,8.060E9,19.40,6.308E9,19.45,5.082E9,19.49,4.187E9,19.51,3.514E9,19.54,2.992E9
13.30,150.0E9,17.77,45.19E9,18.53,24.59E9,18.83,15.97E9,18.99,11.35E9,19.09,8.533E9,19.16,6.671E9,19.21,5.370E9,19.25,4.422E9,19.28,3.708E9,19.30,3.156E9
12.96,154.5E9,17.47,47.69E9,18.25,26.01E9,18.57,16.89E9,18.74,11.99E9,18.84,9.004E9,18.91,7.033E9,18.96,5.656E9,19.00,4.654E9,19.03,3.900E9,19.06,3.318E9
12.62,158.8E9,17.16,50.20E9,17.97,27.43E9,18.30,17.80E9,18.47,12.63E9,18.58,9.473E9,18.65,7.391E9,18.71,5.939E9,18.75,4.883E9,18.78,4.089E9,18.80,3.477E9
12.29,163.0E9,16.85,52.69E9,17.68,28.86E9,18.01,18.72E9,18.19,13.26E9,18.31,9.937E9,18.38,7.746E9,18.44,6.219E9,18.48,5.109E9,18.51,4.276E9,18.54,3.633E9
11.96,167.0E9,16.53,55.17E9,17.38,30.27E9,17.72,19.62E9,17.91,13.89E9,18.03,10.40E9,18.11,8.096E9,18.16,6.494E9,18.21,5.331E9,18.24,4.459E9,18.27,3.786E9
11.64,170.9E9,16.20,57.64E9,17.07,31.68E9,17.43,20.52E9,17.62,14.51E9,17.74,10.85E9,17.82,8.442E9,17.88,6.766E9,17.92,5.551E9,17.96,4.639E9,17.99,3.937E9
11.32,174.6E9,15.87,60.08E9,16.76,33.08E9,17.12,21.42E9,17.32,15.13E9,17.44,11.30E9,17.53,8.784E9,17.59,7.035E9,17.63,5.767E9,17.67,4.817E9,17.70,4.086E9
11.01,178.2E9,15.54,62.50E9,16.44,34.47E9,16.81,22.30E9,17.01,15.74E9,17.14,11.75E9,17.23,9.124E9,17.29,7.302E9,17.34,5.982E9,17.37,4.994E9,17.41,4.234E9
10.71,181.6E9,15.20,64.89E9,16.12,35.85E9,16.50,23.19E9,16.70,16.35E9,16.83,12.19E9,16.92,9.462E9,16.99,7.567E9,17.03,6.196E9,17.07,5.169E9,17.10,4.381E9
10.41,184.9E9,14.86,67.26E9,15.79,37.23E9,16.18,24.07E9,16.39,16.96E9,16.52,12.64E9,16.61,9.800E9,16.68,7.833E9,16.73,6.410E9,16.77,5.345E9,16.80,4.528E9
10.12,188.1E9,14.53,69.60E9,15.46,38.59E9,15.85,24.95E9,16.07,17.56E9,16.20,13.08E9,16.29,10.14E9,16.36,8.099E9,16.41,6.624E9,16.45,5.522E9,16.49,4.676E9
9.842,191.0E9,14.19,71.92E9,15.13,39.96E9,15.53,25.83E9,15.74,18.18E9,15.88,13.53E9,15.98,10.48E9,16.05,8.368E9,16.10,6.841E9,16.14,5.701E9,16.17,4.826E9
9.568,193.9E9,13.85,74.21E9,14.80,41.32E9,15.20,26.71E9,15.42,18.79E9,15.56,13.98E9,15.66,10.82E9,15.73,8.639E9,15.78,7.061E9,15.82,5.882E9,15.85,4.978E9
9.301,196.5E9,13.52,76.48E9,14.46,42.68E9,14.87,27.59E9,15.09,19.41E9,15.23,14.43E9,15.33,11.17E9,15.40,8.914E9,15.46,7.283E9,15.50,6.066E9,15.54,5.132E9
9.043,199.1E9,13.19,78.71E9,14.13,44.03E9,14.54,28.48E9,14.77,20.03E9,14.91,14.89E9,15.01,11.52E9,15.08,9.193E9,15.14,7.509E9,15.18,6.253E9,15.22,5.290E9
8.792,201.4E9,12.86,80.92E9,13.80,45.39E9,14.21,29.37E9,14.44,20.66E9,14.59,15.36E9,14.69,11.88E9,14.76,9.476E9,14.82,7.739E9,14.86,6.444E9,14.90,5.450E9
8.548,203.7E9,12.53,83.09E9,13.47,46.73E9,13.89,30.26E9,14.12,21.29E9,14.26,15.83E9,14.36,12.24E9,14.44,9.763E9,14.49,7.973E9,14.54,6.637E9,14.58,5.614E9
8.313,205.7E9,12.21,85.23E9,13.15,48.08E9,13.56,31.16E9,13.79,21.92E9,13.94,16.30E9,14.04,12.61E9,14.12,10.05E9,14.18,8.211E9,14.22,6.834E9,14.26,5.780E9
8.085,207.7E9,11.90,87.33E9,12.83,49.41E9,13.24,32.06E9,13.47,22.56E9,13.62,16.78E9,13.73,12.98E9,13.80,10.35E9,13.86,8.451E9,13.90,7.035E9,13.94,5.949E9
7.864,209.5E9,11.59,89.38E9,12.51,50.73E9,12.93,32.95E9,13.16,23.20E9,13.31,17.26E9,13.41,13.35E9,13.49,10.65E9,13.54,8.695E9,13.59,7.237E9,13.63,6.120E9
7.651,211.1E9,11.29,91.38E9,12.20,52.04E9,12.61,33.84E9,12.84,23.85E9,12.99,17.74E9,13.10,13.73E9,13.17,10.95E9,13.23,8.941E9,13.28,7.442E9,13.32,6.294E9
7.446,212.7E9,10.99,93.33E9,11.90,53.34E9,12.30,34.73E9,12.54,24.49E9,12.69,18.22E9,12.79,14.11E9,12.87,11.25E9,12.93,9.189E9,12.97,7.649E9,13.01,6.469E9
7.247,214.1E9,10.70,95.23E9,11.60,54.61E9,12.00,35.61E9,12.23,25.13E9,12.38,18.71E9,12.49,14.48E9,12.56,11.55E9,12.62,9.437E9,12.67,7.857E9,12.71,6.645E9
7.055,215.3E9,10.42,97.07E9,11.30,55.86E9,11.70,36.48E9,11.94,25.76E9,12.08,19.19E9,12.19,14.86E9,12.27,11.86E9,12.33,9.687E9,12.37,8.066E9,12.41,6.822E9
6.870,216.5E9,10.14,98.84E9,11.01,57.09E9,11.41,37.34E9,11.64,26.39E9,11.79,19.67E9,11.90,15.24E9,11.97,12.16E9,12.03,9.936E9,12.08,8.274E9,12.12,6.999E9
6.691,217.6E9,9.873,100.6E9,10.73,58.29E9,11.13,38.19E9,11.36,27.01E9,11.51,20.14E9,11.61,15.61E9,11.69,12.46E9,11.75,10.18E9,11.79,8.482E9,11.83,7.176E9
6.519,218.5E9,9.612,102.2E9,10.46,59.47E9,10.85,39.02E9,11.08,27.63E9,11.22,20.61E9,11.33,15.98E9,11.41,12.76E9,11.46,10.43E9,11.51,8.689E9,11.55,7.352E9
6.353,219.4E9,9.358,103.8E9,10.19,60.61E9,10.58,39.84E9,10.80,28.23E9,10.95,21.08E9,11.05,16.35E9,11.13,13.06E9,11.19,10.68E9,11.24,8.895E9,11.27,7.527E9
6.193,220.1E9,9.111,105.3E9,9.927,61.71E9,10.31,40.64E9,10.54,28.83E9,10.68,21.53E9,10.78,16.71E9,10.86,13.35E9,10.92,10.92E9,10.97,9.098E9,11.01,7.701E9
6.039,220.8E9,8.872,106.8E9,9.673,62.79E9,10.05,41.42E9,10.27,29.41E9,10.42,21.98E9,10.52,17.07E9,10.60,13.64E9,10.66,11.16E9,10.70,9.300E9,10.74,7.872E9
5.890,221.4E9,8.639,108.1E9,9.426,63.83E9,9.801,42.17E9,10.02,29.98E9,10.16,22.42E9,10.27,17.42E9,10.34,13.92E9,10.40,11.39E9,10.45,9.498E9,10.49,8.041E9
5.746,221.9E9,8.414,109.5E9,9.186,64.83E9,9.556,42.91E9,9.773,30.53E9,9.916,22.85E9,10.02,17.76E9,10.09,14.20E9,10.15,11.62E9,10.20,9.693E9,10.24,8.208E9
5.608,222.3E9,8.196,110.7E9,8.953,65.79E9,9.318,43.63E9,9.533,31.07E9,9.675,23.27E9,9.775,18.09E9,9.850,14.48E9,9.909,11.85E9,9.955,9.884E9,9.993,8.372E9
5.475,222.7E9,7.985,111.9E9,8.727,66.72E9,9.086,44.32E9,9.299,31.60E9,9.440,23.68E9,9.539,18.42E9,9.614,14.74E9,9.672,12.07E9,9.718,10.07E9,9.756,8.532E9
5.346,223.0E9,7.781,113.0E9,8.508,67.61E9,8.862,44.98E9,9.072,32.11E9,9.211,24.08E9,9.310,18.74E9,9.384,15.01E9,9.442,12.29E9,9.488,10.26E9,9.525,8.689E9
5.222,223.2E9,7.584,114.0E9,8.295,68.46E9,8.644,45.63E9,8.851,32.60E9,8.989,24.47E9,9.087,19.05E9,9.161,15.26E9,9.218,12.50E9,9.264,10.43E9,9.301,8.843E9
5.103,223.4E9,7.393,115.0E9,8.089,69.27E9,8.432,46.25E9,8.637,33.08E9,8.774,24.84E9,8.871,19.35E9,8.944,15.51E9,9.001,12.71E9,9.046,10.61E9,9.083,8.993E9
4.988,223.5E9,7.209,116.0E9,7.890,70.05E9,8.227,46.85E9,8.430,33.54E9,8.565,25.21E9,8.661,19.65E9,8.734,15.75E9,8.790,12.91E9,8.835,10.78E9,8.872,9.139E9
4.877,223.6E9,7.030,116.8E9,7.697,70.79E9,8.029,47.42E9,8.229,33.98E9,8.362,25.56E9,8.458,19.93E9,8.529,15.98E9,8.585,13.11E9,8.630,10.95E9,8.667,9.281E9
4.769,223.6E9,6.858,117.7E9,7.510,71.50E9,7.837,47.97E9,8.034,34.41E9,8.166,25.90E9,8.260,20.20E9,8.331,16.21E9,8.387,13.30E9,8.431,11.11E9,8.467,9.420E9
4.666,223.6E9,6.692,118.4E9,7.330,72.17E9,7.651,48.49E9,7.845,34.82E9,7.975,26.23E9,8.069,20.47E9,8.139,16.43E9,8.194,13.48E9,8.238,11.26E9,8.274,9.554E9
4.566,223.5E9,6.531,119.1E9,7.155,72.80E9,7.470,49.00E9,7.662,35.22E9,7.791,26.54E9,7.883,20.73E9,7.953,16.64E9,8.007,13.66E9,8.051,11.41E9,8.087,9.684E9
4.469,223.4E9,6.376,119.8E9,6.986,73.40E9,7.296,49.48E9,7.485,35.60E9,7.612,26.85E9,7.703,20.97E9,7.772,16.85E9,7.826,13.83E9,7.870,11.56E9,7.905,9.811E9
4.376,223.3E9,6.226,120.4E9,6.822,73.97E9,7.127,49.93E9,7.313,35.96E9,7.439,27.14E9,7.529,21.21E9,7.598,17.04E9,7.651,14.00E9,7.694,11.70E9,7.729,9.933E9
4.286,223.1E9,6.081,121.0E9,6.664,74.51E9,6.963,50.37E9,7.147,36.31E9,7.271,27.42E9,7.360,21.44E9,7.428,17.23E9,7.481,14.16E9,7.524,11.84E9,7.559,10.05E9
4.199,222.9E9,5.941,121.5E9,6.511,75.02E9,6.805,50.79E9,6.986,36.64E9,7.108,27.69E9,7.197,21.66E9,7.264,17.42E9,7.316,14.31E9,7.359,11.97E9,7.393,10.17E9
4.115,222.7E9,5.806,122.0E9,6.363,75.49E9,6.652,51.18E9,6.830,36.96E9,6.951,27.95E9,7.039,21.88E9,7.105,17.60E9,7.157,14.46E9,7.199,12.10E9,7.233,10.28E9
4.034,222.5E9,5.675,122.4E9,6.221,75.94E9,6.504,51.56E9,6.679,37.27E9,6.799,28.19E9,6.885,22.08E9,6.951,17.77E9,7.002,14.61E9,7.044,12.22E9,7.078,10.38E9
3.955,222.2E9,5.549,122.8E9,6.082,76.37E9,6.361,51.91E9,6.534,37.56E9,6.651,28.43E9,6.737,22.28E9,6.801,17.93E9,6.852,14.75E9,6.893,12.34E9,6.927,10.49E9
3.879,221.9E9,5.427,123.2E9,5.949,76.76E9,6.222,52.25E9,6.392,37.83E9,6.508,28.66E9,6.593,22.46E9,6.657,18.09E9,6.707,14.88E9,6.748,12.46E9,6.781,10.59E9
3.805,221.6E9,5.309,123.5E9,5.819,77.13E9,6.088,52.57E9,6.255,38.09E9,6.370,28.87E9,6.453,22.64E9,6.517,18.24E9,6.567,15.01E9,6.607,12.57E9,6.640,10.68E9
3.734,221.3E9,5.196,123.8E9,5.694,77.47E9,5.958,52.87E9,6.123,38.34E9,6.236,29.08E9,6.318,22.82E9,6.381,18.38E9,6.430,15.13E9,6.470,12.67E9,6.503,10.77E9
3.665,220.9E9,5.086,124.1E9,5.573,77.80E9,5.832,53.15E9,5.995,38.58E9,6.106,29.28E9,6.187,22.98E9,6.249,18.52E9,6.298,15.25E9,6.338,12.78E9,6.370,10.86E9
3.598,220.6E9,4.979,124.3E9,5.456,78.09E9,5.710,53.42E9,5.870,38.81E9,5.980,29.47E9,6.061,23.14E9,6.122,18.65E9,6.170,15.36E9,6.209,12.87E9,6.242,10.95E9
3.533,220.2E9,4.876,124.5E9,5.343,78.37E9,5.593,53.67E9,5.750,39.02E9,5.858,29.64E9,5.938,23.29E9,5.998,18.78E9,6.046,15.47E9,6.085,12.97E9,6.117,11.03E9
3.470,219.8E9,4.777,124.7E9,5.233,78.63E9,5.478,53.91E9,5.633,39.22E9,5.740,29.81E9,5.819,23.43E9,5.878,18.90E9,5.926,15.57E9,5.964,13.06E9,5.996,11.11E9
3.409,219.4E9,4.680,124.8E9,5.126,78.86E9,5.368,54.13E9,5.520,39.41E9,5.626,29.97E9,5.703,23.57E9,5.762,19.02E9,5.809,15.67E9,5.847,13.14E9,5.878,11.18E9
3.350,219.0E9,4.587,125.0E9,5.024,79.08E9,5.260,54.33E9,5.411,39.59E9,5.515,30.13E9,5.591,23.69E9,5.650,19.13E9,5.696,15.77E9,5.733,13.22E9,5.764,11.25E9
3.292,218.5E9,4.496,125.1E9,4.924,79.27E9,5.156,54.53E9,5.304,39.76E9,5.407,30.27E9,5.482,23.82E9,5.540,19.23E9,5.586,15.86E9,5.623,13.30E9,5.654,11.32E9
3.236,218.1E9,4.409,125.1E9,4.827,79.45E9,5.056,54.70E9,5.201,39.92E9,5.302,30.41E9,5.377,23.93E9,5.434,19.33E9,5.479,15.94E9,5.516,13.38E9,5.546,11.39E9
3.182,217.6E9,4.324,125.2E9,4.733,79.61E9,4.958,54.87E9,5.101,40.07E9,5.201,30.53E9,5.274,24.04E9,5.331,19.43E9,5.376,16.03E9,5.412,13.45E9,5.442,11.45E9
3.129,217.1E9,4.242,125.2E9,4.642,79.76E9,4.863,55.02E9,5.004,40.20E9,5.102,30.65E9,5.175,24.15E9,5.231,19.51E9,5.275,16.10E9,5.311,13.52E9,5.341,11.51E9
3.078,216.6E9,4.162,125.3E9,4.554,79.88E9,4.771,55.16E9,4.910,40.33E9,5.007,30.77E9,5.078,24.24E9,5.134,19.60E9,5.177,16.18E9,5.213,13.58E9,5.242,11.56E9
3.028,216.1E9,4.085,125.2E9,4.469,79.99E9,4.681,55.29E9,4.818,40.45E9,4.914,30.87E9,4.985,24.33E9,5.039,19.68E9,5.082,16.24E9,5.118,13.64E9,5.147,11.62E9
2.979,215.6E9,4.010,125.2E9,4.386,80.09E9,4.595,55.40E9,4.729,40.56E9,4.824,30.97E9,4.893,24.42E9,4.947,19.75E9,4.990,16.31E9,5.025,13.70E9,5.054,11.67E9
2.932,215.1E9,3.937,125.2E9,4.305,80.17E9,4.510,55.51E9,4.643,40.66E9,4.736,31.06E9,4.805,24.50E9,4.858,19.82E9,4.900,16.37E9,4.935,13.75E9,4.963,11.72E9
2.886,214.5E9,3.866,125.1E9,4.227,80.23E9,4.428,55.60E9,4.559,40.75E9,4.650,31.14E9,4.718,24.57E9,4.771,19.89E9,4.813,16.43E9,4.847,13.80E9,4.875,11.76E9
2.841,214.0E9,3.797,125.1E9,4.151,80.28E9,4.349,55.68E9,4.477,40.83E9,4.567,31.22E9,4.634,24.64E9,4.686,19.95E9,4.728,16.48E9,4.761,13.85E9,4.789,11.80E9
2.797,213.4E9,3.731,125.0E9,4.077,80.32E9,4.271,55.75E9,4.397,40.91E9,4.486,31.29E9,4.553,24.70E9,4.604,20.00E9,4.645,16.53E9,4.678,13.89E9,4.706,11.84E9
2.754,212.8E9,3.666,124.9E9,4.005,80.34E9,4.196,55.80E9,4.320,40.97E9,4.408,31.35E9,4.473,24.76E9,4.524,20.05E9,4.564,16.58E9,4.597,13.93E9,4.625,11.88E9
2.713,212.2E9,3.602,124.7E9,3.934,80.35E9,4.122,55.85E9,4.245,41.03E9,4.331,31.40E9,4.396,24.81E9,4.446,20.10E9,4.485,16.62E9,4.518,13.97E9,4.545,11.91E9
2.672,211.6E9,3.541,124.6E9,3.866,80.34E9,4.051,55.89E9,4.171,41.07E9,4.256,31.45E9,4.320,24.86E9,4.369,20.14E9,4.409,16.65E9,4.441,14.00E9,4.468,11.94E9
2.632,211.0E9,3.481,124.4E9,3.800,80.32E9,3.981,55.91E9,4.100,41.11E9,4.184,31.49E9,4.246,24.90E9,4.295,20.18E9,4.334,16.69E9,4.366,14.03E9,4.392,11.97E9
2.593,210.4E9,3.423,124.3E9,3.735,80.29E9,3.913,55.93E9,4.030,41.14E9,4.113,31.53E9,4.174,24.93E9,4.222,20.21E9,4.261,16.72E9,4.292,14.06E9,4.319,11.99E9
2.555,209.7E9,3.366,124.1E9,3.672,80.25E9,3.847,55.93E9,3.962,41.17E9,4.043,31.56E9,4.104,24.96E9,4.152,20.24E9,4.190,16.74E9,4.221,14.08E9,4.247,12.01E9
2.518,209.1E9,3.311,123.9E9,3.611,80.19E9,3.782,55.93E9,3.895,41.18E9,3.976,31.58E9,4.036,24.98E9,4.082,20.26E9,4.120,16.77E9,4.151,14.11E9,4.176,12.03E9
2.482,208.4E9,3.257,123.7E9,3.551,80.12E9,3.719,55.91E9,3.830,41.19E9,3.909,31.59E9,3.969,25.00E9,4.015,20.28E9,4.052,16.78E9,4.082,14.12E9,4.107,12.05E9
2.446,207.7E9,3.204,123.4E9,3.492,80.03E9,3.658,55.88E9,3.767,41.18E9,3.845,31.60E9,3.903,25.01E9,3.949,20.29E9,3.985,16.80E9,4.015,14.14E9,4.040,12.06E9
2.412,207.0E9,3.153,123.2E9,3.435,79.94E9,3.598,55.84E9,3.705,41.17E9,3.782,31.60E9,3.839,25.02E9,3.884,20.30E9,3.920,16.81E9,3.950,14.15E9,3.974,12.07E9
2.378,206.3E9,3.103,122.9E9,3.379,79.83E9,3.539,55.80E9,3.645,41.15E9,3.720,31.59E9,3.777,25.02E9,3.821,20.31E9,3.856,16.81E9,3.886,14.15E9,3.910,12.08E9
2.344,205.6E9,3.054,122.7E9,3.325,79.70E9,3.482,55.74E9,3.585,41.12E9,3.660,31.58E9,3.715,25.02E9,3.759,20.31E9,3.794,16.82E9,3.823,14.16E9,3.847,12.08E9
2.311,204.8E9,3.006,122.4E9,3.272,79.57E9,3.425,55.67E9,3.527,41.09E9,3.600,31.56E9,3.655,25.01E9,3.698,20.30E9,3.733,16.81E9,3.761,14.16E9,3.785,12.08E9
2.279,204.1E9,2.959,122.1E9,3.220,79.42E9,3.371,55.59E9,3.471,41.04E9,3.543,31.54E9,3.597,24.99E9,3.639,20.29E9,3.673,16.81E9,3.701,14.15E9,3.724,12.08E9
2.248,203.3E9,2.914,121.7E9,3.169,79.26E9,3.317,55.50E9,3.415,40.99E9,3.486,31.50E9,3.539,24.97E9,3.581,20.28E9,3.614,16.80E9,3.642,14.15E9,3.665,12.08E9
2.217,202.5E9,2.869,121.4E9,3.119,79.09E9,3.264,55.40E9,3.361,40.93E9,3.430,31.46E9,3.483,24.94E9,3.524,20.26E9,3.557,16.78E9,3.584,14.14E9,3.607,12.07E9
2.187,201.7E9,2.825,121.0E9,3.070,78.90E9,3.213,55.29E9,3.308,40.86E9,3.376,31.42E9,3.427,24.91E9,3.468,20.23E9,3.500,16.77E9,3.527,14.12E9,3.549,12.06E9
2.157,200.9E9,2.783,120.7E9,3.022,78.70E9,3.162,55.17E9,3.255,40.78E9,3.323,31.36E9,3.373,24.87E9,3.413,20.21E9,3.445,16.74E9,3.471,14.11E9,3.493,12.05E9
2.128,200.0E9,2.741,120.3E9,2.975,78.49E9,3.113,55.04E9,3.204,40.69E9,3.270,31.30E9,3.320,24.82E9,3.359,20.17E9,3.391,16.72E9,3.417,14.08E9,3.438,12.03E9
2.099,199.2E9,2.699,119.9E9,2.930,78.27E9,3.064,54.90E9,3.154,40.60E9,3.219,31.23E9,3.268,24.78E9,3.306,20.13E9,3.337,16.69E9,3.363,14.06E9,3.384,12.01E9
2.071,198.3E9,2.659,119.5E9,2.885,78.03E9,3.017,54.75E9,3.105,40.50E9,3.168,31.16E9,3.217,24.72E9,3.254,20.09E9,3.285,16.66E9,3.310,14.03E9,3.331,11.99E9
2.043,197.4E9,2.620,119.1E9,2.841,77.78E9,2.970,54.59E9,3.056,40.39E9,3.119,31.08E9,3.166,24.66E9,3.204,20.05E9,3.234,16.62E9,3.258,14.00E9,3.279,11.96E9
2.016,196.5E9,2.581,118.6E9,2.797,77.52E9,2.924,54.42E9,3.009,40.27E9,3.070,30.99E9,3.117,24.59E9,3.154,19.99E9,3.183,16.58E9,3.207,13.97E9,3.228,11.93E9
1.989,195.6E9,2.543,118.2E9,2.755,77.24E9,2.879,54.24E9,2.963,40.14E9,3.023,30.90E9,3.069,24.52E9,3.104,19.94E9,3.134,16.53E9,3.157,13.93E9,3.178,11.90E9
1.962,194.6E9,2.506,117.7E9,2.713,76.96E9,2.835,54.05E9,2.917,40.01E9,2.976,30.80E9,3.021,24.45E9,3.056,19.88E9,3.085,16.48E9,3.108,13.89E9,3.128,11.87E9
1.936,193.7E9,2.469,117.2E9,2.672,76.66E9,2.792,53.85E9,2.872,39.87E9,2.930,30.70E9,2.974,24.37E9,3.009,19.81E9,3.037,16.43E9,3.060,13.85E9,3.080,11.83E9
1.911,192.7E9,2.433,116.7E9,2.632,76.35E9,2.749,53.64E9,2.828,39.72E9,2.885,30.59E9,2.928,24.28E9,2.963,19.75E9,2.990,16.38E9,3.013,13.80E9,3.032,11.79E9
1.885,191.7E9,2.398,116.2E9,2.593,76.03E9,2.708,53.43E9,2.785,39.56E9,2.841,30.47E9,2.883,24.19E9,2.917,19.67E9,2.944,16.32E9,2.967,13.75E9,2.986,11.75E9
1.861,190.7E9,2.364,115.7E9,2.554,75.70E9,2.667,53.20E9,2.742,39.40E9,2.797,30.35E9,2.839,24.10E9,2.872,19.60E9,2.899,16.26E9,2.921,13.70E9,2.940,11.71E9
1.836,189.6E9,2.330,115.1E9,2.517,75.36E9,2.627,52.97E9,2.701,39.23E9,2.755,30.22E9,2.796,24.00E9,2.828,19.52E9,2.855,16.19E9,2.877,13.65E9,2.895,11.66E9
1.812,188.6E9,2.296,114.6E9,2.479,75.01E9,2.587,52.73E9,2.660,39.06E9,2.713,30.09E9,2.754,23.90E9,2.785,19.44E9,2.811,16.12E9,2.833,13.59E9,2.851,11.62E9
1.789,187.5E9,2.264,114.0E9,2.443,74.64E9,2.549,52.48E9,2.620,38.88E9,2.672,29.95E9,2.712,23.79E9,2.743,19.35E9,2.769,16.05E9,2.790,13.54E9,2.808,11.57E9
1.765,186.4E9,2.231,113.4E9,2.407,74.27E9,2.511,52.22E9,2.581,38.69E9,2.632,29.81E9,2.671,23.68E9,2.702,19.26E9,2.727,15.98E9,2.748,13.48E9,2.765,11.52E9
1.743,185.4E9,2.200,112.9E9,2.372,73.89E9,2.474,51.96E9,2.542,38.50E9,2.593,29.67E9,2.631,23.57E9,2.662,19.17E9,2.686,15.91E9,2.707,13.41E9,2.724,11.46E9
1.720,184.3E9,2.169,112.3E9,2.337,73.50E9,2.437,51.69E9,2.505,38.30E9,2.554,29.52E9,2.592,23.45E9,2.622,19.08E9,2.646,15.83E9,2.666,13.35E9,2.683,11.41E9
1.698,183.1E9,2.138,111.6E9,2.304,73.11E9,2.401,51.42E9,2.468,38.10E9,2.516,29.37E9,2.554,23.33E9,2.583,18.99E9,2.607,15.75E9,2.627,13.28E9,2.644,11.36E9
1.676,182.0E9,2.109,111.0E9,2.270,72.70E9,2.366,51.14E9,2.432,37.90E9,2.479,29.22E9,2.516,23.21E9,2.545,18.89E9,2.569,15.67E9,2.588,13.22E9,2.605,11.30E9
1.655,180.9E9,2.079,110.4E9,2.238,72.29E9,2.332,50.85E9,2.396,37.69E9,2.443,29.06E9,2.479,23.09E9,2.508,18.79E9,2.531,15.59E9,2.551,13.15E9,2.567,11.24E9
1.634,179.7E9,2.050,109.7E9,2.206,71.88E9,2.298,50.56E9,2.362,37.48E9,2.408,28.90E9,2.443,22.96E9,2.472,18.69E9,2.495,15.51E9,2.514,13.08E9,2.530,11.18E9
1.613,178.6E9,2.022,109.1E9,2.175,71.46E9,2.266,50.27E9,2.328,37.27E9,2.373,28.74E9,2.408,22.84E9,2.436,18.59E9,2.459,15.43E9,2.478,13.01E9,2.494,11.12E9
