bsim4 ,waveVsWave(?x (OP("/M0" "gm") / (- OP("/M0" "ids"))) ?y ((- OP("/M0" "ids")) / pv("top-level" "w" ?resultsDir "/home/vlsiuser22/simulation/pmos_plotshp/spectre/schematic" ?result "designParamVals"))) l 4.5e-08 ,bsim4 ,waveVsWave(?x (OP("/M0" "gm") / (- OP("/M0" "ids"))) ?y ((- OP("/M0" "ids")) / pv("top-level" "w" ?resultsDir "/home/vlsiuser22/simulation/pmos_plotshp/spectre/schematic" ?result "designParamVals"))) l 6.75e-08 ,bsim4 ,waveVsWave(?x (OP("/M0" "gm") / (- OP("/M0" "ids"))) ?y ((- OP("/M0" "ids")) / pv("top-level" "w" ?resultsDir "/home/vlsiuser22/simulation/pmos_plotshp/spectre/schematic" ?result "designParamVals"))) l 9e-08 ,bsim4 ,waveVsWave(?x (OP("/M0" "gm") / (- OP("/M0" "ids"))) ?y ((- OP("/M0" "ids")) / pv("top-level" "w" ?resultsDir "/home/vlsiuser22/simulation/pmos_plotshp/spectre/schematic" ?result "designParamVals"))) l 1.125e-07 ,bsim4 ,waveVsWave(?x (OP("/M0" "gm") / (- OP("/M0" "ids"))) ?y ((- OP("/M0" "ids")) / pv("top-level" "w" ?resultsDir "/home/vlsiuser22/simulation/pmos_plotshp/spectre/schematic" ?result "designParamVals"))) l 1.35e-07 ,bsim4 ,waveVsWave(?x (OP("/M0" "gm") / (- OP("/M0" "ids"))) ?y ((- OP("/M0" "ids")) / pv("top-level" "w" ?resultsDir "/home/vlsiuser22/simulation/pmos_plotshp/spectre/schematic" ?result "designParamVals"))) l 1.575e-07 ,bsim4 ,waveVsWave(?x (OP("/M0" "gm") / (- OP("/M0" "ids"))) ?y ((- OP("/M0" "ids")) / pv("top-level" "w" ?resultsDir "/home/vlsiuser22/simulation/pmos_plotshp/spectre/schematic" ?result "designParamVals"))) l 1.8e-07 ,bsim4 ,waveVsWave(?x (OP("/M0" "gm") / (- OP("/M0" "ids"))) ?y ((- OP("/M0" "ids")) / pv("top-level" "w" ?resultsDir "/home/vlsiuser22/simulation/pmos_plotshp/spectre/schematic" ?result "designParamVals"))) l 2.025e-07 ,bsim4 ,waveVsWave(?x (OP("/M0" "gm") / (- OP("/M0" "ids"))) ?y ((- OP("/M0" "ids")) / pv("top-level" "w" ?resultsDir "/home/vlsiuser22/simulation/pmos_plotshp/spectre/schematic" ?result "designParamVals"))) l 2.25e-07 ,bsim4 ,waveVsWave(?x (OP("/M0" "gm") / (- OP("/M0" "ids"))) ?y ((- OP("/M0" "ids")) / pv("top-level" "w" ?resultsDir "/home/vlsiuser22/simulation/pmos_plotshp/spectre/schematic" ?result "designParamVals"))) l 2.475e-07 ,bsim4 ,waveVsWave(?x (OP("/M0" "gm") / (- OP("/M0" "ids"))) ?y ((- OP("/M0" "ids")) / pv("top-level" "w" ?resultsDir "/home/vlsiuser22/simulation/pmos_plotshp/spectre/schematic" ?result "designParamVals"))) l 2.7e-07 
2.217,692.9,3.167,301.0,3.455,195.7,3.595,145.2,3.679,115.4,3.734,95.68,3.774,81.72,3.804,71.31,3.827,63.25,3.845,56.82,3.861,51.57
2.236,687.1,3.198,297.5,3.489,193.3,3.630,143.3,3.714,113.9,3.770,94.42,3.810,80.64,3.840,70.36,3.863,62.40,3.882,56.06,3.897,50.88
2.256,681.4,3.230,294.0,3.524,190.8,3.666,141.4,3.750,112.3,3.806,93.16,3.846,79.56,3.876,69.41,3.900,61.56,3.918,55.30,3.934,50.19
2.277,675.6,3.263,290.5,3.559,188.4,3.702,139.6,3.787,110.8,3.844,91.90,3.884,78.47,3.914,68.46,3.937,60.71,3.956,54.53,3.971,49.50
2.298,669.8,3.297,286.9,3.595,185.9,3.740,137.7,3.825,109.3,3.882,90.64,3.922,77.39,3.952,67.51,3.976,59.87,3.995,53.77,4.010,48.80
2.319,663.9,3.331,283.4,3.632,183.5,3.778,135.8,3.864,107.8,3.921,89.37,3.961,76.30,3.991,66.56,4.015,59.02,4.034,53.01,4.049,48.11
2.341,658.0,3.366,279.8,3.670,181.0,3.817,134.0,3.903,106.3,3.960,88.11,4.001,75.22,4.031,65.61,4.055,58.17,4.074,52.25,4.090,47.41
2.363,652.1,3.402,276.3,3.709,178.5,3.856,132.1,3.943,104.8,4.001,86.84,4.042,74.13,4.072,64.66,4.096,57.33,4.115,51.48,4.131,46.72
2.386,646.1,3.438,272.7,3.748,176.1,3.897,130.2,3.985,103.3,4.042,85.58,4.083,73.04,4.114,63.70,4.138,56.48,4.157,50.72,4.173,46.03
2.409,640.1,3.476,269.1,3.789,173.6,3.939,128.3,4.027,101.8,4.085,84.31,4.126,71.96,4.157,62.75,4.181,55.63,4.200,49.96,4.216,45.33
2.432,634.1,3.514,265.6,3.830,171.1,3.981,126.4,4.070,100.3,4.128,83.05,4.170,70.87,4.201,61.80,4.225,54.78,4.244,49.20,4.260,44.64
2.456,628.1,3.553,262.0,3.873,168.7,4.025,124.6,4.114,98.75,4.173,81.78,4.214,69.78,4.245,60.85,4.269,53.94,4.289,48.43,4.305,43.95
2.481,622.0,3.593,258.4,3.916,166.2,4.069,122.7,4.159,97.23,4.218,80.52,4.260,68.70,4.291,59.90,4.315,53.09,4.335,47.67,4.351,43.26
2.506,615.9,3.634,254.8,3.960,163.7,4.115,120.8,4.205,95.72,4.264,79.25,4.307,67.61,4.338,58.95,4.362,52.25,4.382,46.91,4.398,42.56
2.531,609.8,3.676,251.2,4.005,161.2,4.161,118.9,4.252,94.21,4.312,77.99,4.354,66.53,4.386,58.00,4.410,51.40,4.430,46.15,4.446,41.87
2.557,603.6,3.719,247.6,4.052,158.7,4.209,117.0,4.301,92.70,4.361,76.73,4.403,65.45,4.435,57.05,4.460,50.56,4.479,45.39,4.495,41.18
2.584,597.4,3.762,244.0,4.099,156.3,4.258,115.2,4.350,91.19,4.411,75.47,4.453,64.36,4.485,56.10,4.510,49.72,4.530,44.63,4.546,40.49
2.611,591.2,3.807,240.4,4.148,153.8,4.308,113.3,4.401,89.68,4.462,74.21,4.505,63.28,4.537,55.16,4.561,48.88,4.581,43.88,4.597,39.81
2.639,585.0,3.853,236.7,4.198,151.3,4.359,111.4,4.453,88.17,4.514,72.95,4.557,62.20,4.589,54.21,4.614,48.04,4.634,43.12,4.650,39.12
2.667,578.7,3.900,233.1,4.249,148.8,4.412,109.5,4.506,86.67,4.568,71.69,4.611,61.12,4.643,53.27,4.668,47.20,4.688,42.37,4.705,38.43
2.696,572.4,3.949,229.5,4.301,146.4,4.466,107.7,4.561,85.16,4.623,70.44,4.666,60.05,4.699,52.33,4.724,46.36,4.744,41.61,4.760,37.75
2.726,566.1,3.998,225.9,4.355,143.9,4.521,105.8,4.617,83.66,4.679,69.19,4.723,58.97,4.756,51.39,4.781,45.53,4.801,40.86,4.817,37.06
2.756,559.8,4.049,222.3,4.410,141.4,4.577,103.9,4.674,82.16,4.737,67.94,4.781,57.90,4.814,50.45,4.839,44.69,4.859,40.11,4.876,36.38
2.787,553.5,4.101,218.6,4.467,138.9,4.636,102.1,4.733,80.67,4.796,66.69,4.841,56.83,4.874,49.51,4.899,43.86,4.919,39.36,4.936,35.70
2.819,547.1,4.154,215.0,4.525,136.5,4.695,100.2,4.793,79.17,4.857,65.44,4.902,55.77,4.935,48.58,4.960,43.03,4.981,38.62,4.997,35.03
2.851,540.7,4.209,211.4,4.584,134.0,4.756,98.34,4.855,77.69,4.919,64.20,4.964,54.70,4.998,47.65,5.023,42.20,5.044,37.87,5.061,34.35
2.884,534.3,4.265,207.8,4.645,131.6,4.819,96.48,4.919,76.20,4.983,62.96,5.029,53.64,5.062,46.72,5.088,41.38,5.109,37.13,5.125,33.68
2.918,527.9,4.323,204.2,4.708,129.1,4.883,94.63,4.984,74.72,5.049,61.73,5.095,52.58,5.128,45.80,5.154,40.56,5.175,36.39,5.192,33.00
2.953,521.4,4.382,200.6,4.772,126.7,4.950,92.79,5.051,73.24,5.116,60.50,5.162,51.53,5.196,44.87,5.223,39.74,5.243,35.66,5.260,32.33
2.989,515.0,4.443,197.0,4.838,124.2,5.017,90.95,5.120,71.77,5.186,59.27,5.232,50.48,5.266,43.95,5.293,38.92,5.313,34.92,5.330,31.67
3.025,508.5,4.506,193.4,4.906,121.8,5.087,89.11,5.190,70.30,5.257,58.05,5.304,49.43,5.338,43.04,5.364,38.11,5.385,34.19,5.402,31.00
3.062,502.0,4.570,189.8,4.976,119.3,5.159,87.28,5.263,68.84,5.330,56.83,5.377,48.39,5.412,42.13,5.438,37.30,5.459,33.46,5.477,30.34
3.101,495.5,4.636,186.2,5.047,116.9,5.233,85.46,5.338,67.38,5.405,55.61,5.453,47.35,5.487,41.22,5.514,36.49,5.535,32.74,5.553,29.68
3.140,489.0,4.704,182.6,5.121,114.5,5.309,83.65,5.415,65.93,5.483,54.41,5.530,46.31,5.565,40.31,5.592,35.69,5.614,32.01,5.631,29.03
3.180,482.4,4.774,179.0,5.197,112.1,5.387,81.84,5.494,64.48,5.562,53.20,5.610,45.28,5.645,39.41,5.672,34.89,5.694,31.30,5.711,28.37
3.221,475.9,4.845,175.4,5.275,109.7,5.467,80.03,5.575,63.04,5.644,52.00,5.692,44.26,5.728,38.52,5.755,34.09,5.777,30.58,5.794,27.72
3.264,469.3,4.919,171.9,5.355,107.3,5.549,78.24,5.658,61.61,5.728,50.81,5.777,43.24,5.813,37.62,5.840,33.30,5.862,29.87,5.879,27.08
3.307,462.7,4.995,168.3,5.438,104.9,5.634,76.45,5.744,60.18,5.815,49.62,5.864,42.22,5.900,36.74,5.927,32.51,5.949,29.16,5.967,26.43
3.351,456.1,5.073,164.8,5.523,102.5,5.722,74.67,5.833,58.76,5.904,48.44,5.953,41.21,5.989,35.86,6.017,31.73,6.039,28.46,6.057,25.80
3.397,449.5,5.154,161.2,5.610,100.2,5.812,72.90,5.924,57.35,5.996,47.27,6.045,40.21,6.082,34.98,6.110,30.95,6.132,27.76,6.150,25.16
3.444,442.9,5.237,157.7,5.701,97.81,5.904,71.14,6.018,55.94,6.090,46.10,6.140,39.21,6.177,34.11,6.205,30.18,6.227,27.06,6.245,24.53
3.492,436.2,5.322,154.2,5.793,95.47,6.000,69.39,6.115,54.55,6.188,44.94,6.238,38.22,6.275,33.24,6.303,29.41,6.325,26.37,6.344,23.90
3.542,429.6,5.410,150.7,5.889,93.14,6.098,67.65,6.214,53.16,6.288,43.79,6.339,37.23,6.376,32.38,6.404,28.65,6.427,25.69,6.445,23.28
3.593,423.0,5.501,147.2,5.988,90.82,6.200,65.92,6.317,51.78,6.391,42.65,6.442,36.25,6.480,31.53,6.509,27.89,6.531,25.01,6.549,22.66
3.645,416.3,5.595,143.7,6.090,88.52,6.304,64.20,6.423,50.41,6.498,41.51,6.549,35.28,6.587,30.68,6.616,27.14,6.639,24.33,6.657,22.05
3.699,409.6,5.691,140.2,6.195,86.22,6.412,62.49,6.532,49.05,6.607,40.38,6.660,34.32,6.698,29.84,6.727,26.39,6.749,23.66,6.768,21.44
3.754,402.9,5.791,136.8,6.303,83.95,6.523,60.80,6.644,47.70,6.721,39.26,6.773,33.36,6.811,29.00,6.841,25.65,6.863,22.99,6.882,20.84
3.811,396.3,5.894,133.4,6.414,81.68,6.638,59.11,6.760,46.36,6.837,38.15,6.890,32.41,6.929,28.17,6.958,24.92,6.981,22.33,7.000,20.24
3.870,389.6,6.000,130.0,6.529,79.44,6.756,57.44,6.880,45.04,6.958,37.05,7.011,31.47,7.050,27.35,7.079,24.19,7.103,21.68,7.121,19.64
3.930,382.9,6.109,126.6,6.648,77.21,6.878,55.79,7.003,43.72,7.082,35.96,7.136,30.54,7.175,26.54,7.204,23.47,7.228,21.03,7.247,19.06
3.992,376.2,6.222,123.2,6.771,74.99,7.004,54.14,7.130,42.42,7.210,34.88,7.264,29.62,7.304,25.74,7.333,22.76,7.357,20.39,7.376,18.48
4.056,369.5,6.338,119.8,6.897,72.80,7.133,52.52,7.262,41.12,7.342,33.81,7.397,28.70,7.436,24.94,7.467,22.05,7.490,19.76,7.509,17.90
4.122,362.8,6.459,116.5,7.028,70.62,7.267,50.90,7.397,39.84,7.478,32.75,7.534,27.80,7.574,24.15,7.604,21.35,7.628,19.13,7.647,17.33
4.190,356.1,6.583,113.2,7.163,68.47,7.406,49.31,7.537,38.58,7.619,31.70,7.675,26.90,7.715,23.37,7.745,20.66,7.769,18.51,7.788,16.77
4.260,349.4,6.711,109.9,7.302,66.33,7.549,47.73,7.682,37.33,7.764,30.66,7.820,26.02,7.861,22.60,7.892,19.98,7.916,17.90,7.935,16.21
4.332,342.7,6.844,106.7,7.446,64.22,7.696,46.17,7.830,36.09,7.914,29.64,7.971,25.15,8.011,21.84,8.042,19.30,8.066,17.29,8.086,15.66
4.406,336.0,6.981,103.4,7.594,62.13,7.848,44.62,7.984,34.86,8.069,28.62,8.126,24.28,8.167,21.09,8.198,18.63,8.222,16.69,8.242,15.12
4.483,329.3,7.122,100.2,7.747,60.06,8.005,43.10,8.143,33.66,8.228,27.62,8.286,23.43,8.327,20.34,8.358,17.98,8.383,16.10,8.402,14.58
4.562,322.7,7.269,97.08,7.906,58.01,8.167,41.59,8.307,32.46,8.393,26.64,8.451,22.59,8.493,19.61,8.524,17.33,8.549,15.52,8.568,14.06
4.644,316.0,7.420,93.94,8.069,55.99,8.335,40.10,8.476,31.29,8.563,25.67,8.621,21.76,8.663,18.89,8.695,16.69,8.720,14.95,8.739,13.54
4.729,309.3,7.576,90.83,8.238,54.00,8.508,38.63,8.650,30.13,8.738,24.71,8.797,20.95,8.840,18.18,8.871,16.06,8.896,14.38,8.916,13.02
4.816,302.7,7.737,87.75,8.412,52.03,8.686,37.19,8.831,28.99,8.919,23.76,8.979,20.14,9.021,17.48,9.053,15.44,9.078,13.83,9.098,12.52
4.906,296.0,7.904,84.71,8.592,50.09,8.870,35.76,9.016,27.86,9.106,22.84,9.166,19.35,9.209,16.79,9.241,14.83,9.266,13.28,9.286,12.02
4.999,289.4,8.077,81.71,8.778,48.18,9.060,34.36,9.208,26.76,9.298,21.92,9.359,18.57,9.402,16.12,9.434,14.23,9.459,12.74,9.479,11.54
5.096,282.8,8.255,78.74,8.970,46.29,9.256,32.98,9.406,25.67,9.497,21.03,9.558,17.81,9.601,15.45,9.634,13.64,9.659,12.22,9.679,11.06
5.195,276.2,8.439,75.82,9.168,44.44,9.458,31.63,9.610,24.60,9.702,20.15,9.763,17.06,9.807,14.80,9.839,13.07,9.865,11.70,9.885,10.59
5.298,269.6,8.629,72.93,9.372,42.62,9.666,30.30,9.820,23.55,9.913,19.28,9.974,16.33,10.02,14.16,10.05,12.50,10.08,11.19,10.10,10.13
5.405,263.0,8.825,70.09,9.582,40.83,9.881,28.99,10.04,22.53,10.13,18.44,10.19,15.61,10.24,13.53,10.27,11.95,10.29,10.70,10.31,9.681
5.515,256.5,9.028,67.29,9.800,39.07,10.10,27.72,10.26,21.52,10.35,17.61,10.42,14.90,10.46,12.92,10.49,11.41,10.52,10.21,10.54,9.240
5.629,249.9,9.237,64.53,10.02,37.35,10.33,26.46,10.49,20.54,10.58,16.80,10.65,14.21,10.69,12.32,10.73,10.88,10.75,9.734,10.77,8.810
5.747,243.4,9.453,61.82,10.25,35.67,10.57,25.24,10.73,19.58,10.82,16.00,10.88,13.54,10.93,11.74,10.96,10.36,10.99,9.270,11.01,8.389
5.869,237.0,9.675,59.17,10.49,34.02,10.81,24.04,10.97,18.64,11.07,15.23,11.13,12.88,11.17,11.17,11.21,9.853,11.23,8.818,11.25,7.979
5.996,230.5,9.905,56.56,10.74,32.41,11.06,22.87,11.22,17.72,11.32,14.48,11.38,12.24,11.43,10.61,11.46,9.362,11.48,8.377,11.50,7.580
6.127,224.1,10.14,54.00,10.99,30.83,11.31,21.74,11.48,16.83,11.57,13.74,11.64,11.62,11.68,10.07,11.72,8.883,11.74,7.948,11.76,7.191
6.263,217.7,10.39,51.50,11.25,29.30,11.57,20.63,11.74,15.96,11.84,13.03,11.90,11.01,11.95,9.542,11.98,8.418,12.01,7.531,12.03,6.814
6.404,211.4,10.64,49.05,11.51,27.80,11.84,19.55,12.01,15.12,12.11,12.34,12.17,10.43,12.22,9.031,12.25,7.966,12.28,7.126,12.30,6.447
6.549,205.1,10.89,46.66,11.78,26.35,12.12,18.50,12.29,14.30,12.39,11.66,12.45,9.856,12.50,8.535,12.53,7.528,12.55,6.734,12.57,6.092
6.700,198.8,11.16,44.33,12.06,24.93,12.40,17.48,12.57,13.50,12.67,11.01,12.73,9.303,12.78,8.056,12.81,7.104,12.84,6.355,12.86,5.748
6.857,192.6,11.43,42.06,12.35,23.56,12.69,16.50,12.86,12.74,12.96,10.38,13.02,8.769,13.07,7.592,13.10,6.695,13.13,5.988,13.15,5.416
7.019,186.4,11.71,39.85,12.64,22.24,12.98,15.55,13.16,11.99,13.26,9.774,13.32,8.253,13.37,7.144,13.40,6.299,13.42,5.633,13.44,5.095
7.187,180.3,12.00,37.70,12.94,20.95,13.29,14.63,13.46,11.28,13.56,9.187,13.62,7.756,13.67,6.713,13.70,5.918,13.73,5.292,13.75,4.787
7.361,174.2,12.29,35.62,13.24,19.71,13.59,13.75,13.76,10.59,13.87,8.622,13.93,7.277,13.98,6.297,14.01,5.551,14.03,4.964,14.05,4.489
7.541,168.2,12.59,33.60,13.55,18.52,13.90,12.89,14.08,9.925,14.18,8.079,14.24,6.817,14.29,5.899,14.32,5.199,14.34,4.649,14.36,4.204
7.728,162.2,12.90,31.65,13.87,17.37,14.22,12.08,14.40,9.288,14.50,7.558,14.56,6.376,14.60,5.516,14.64,4.862,14.66,4.347,14.68,3.931
7.921,156.3,13.21,29.76,14.19,16.26,14.54,11.29,14.72,8.679,14.82,7.059,14.88,5.954,14.93,5.150,14.96,4.539,14.98,4.057,15.00,3.669
8.122,150.5,13.53,27.94,14.52,15.20,14.87,10.54,15.04,8.095,15.14,6.583,15.21,5.551,15.25,4.800,15.28,4.230,15.31,3.781,15.32,3.419
8.329,144.7,13.86,26.19,14.85,14.19,15.20,9.821,15.37,7.539,15.47,6.128,15.53,5.166,15.58,4.467,15.61,3.936,15.63,3.518,15.65,3.181
8.544,139.0,14.19,24.51,15.18,13.22,15.53,9.136,15.70,7.008,15.80,5.694,15.86,4.799,15.91,4.150,15.94,3.656,15.96,3.267,15.98,2.954
8.766,133.4,14.52,22.90,15.52,12.29,15.87,8.485,16.04,6.504,16.13,5.283,16.20,4.451,16.24,3.848,16.27,3.390,16.29,3.029,16.31,2.739
8.996,127.8,14.86,21.35,15.86,11.41,16.20,7.866,16.37,6.026,16.47,4.892,16.53,4.122,16.57,3.562,16.60,3.138,16.62,2.804,16.64,2.535
9.233,122.4,15.20,19.88,16.20,10.58,16.54,7.279,16.71,5.573,16.80,4.523,16.86,3.809,16.90,3.292,16.93,2.899,16.95,2.591,16.97,2.342
9.479,117.0,15.54,18.48,16.54,9.787,16.88,6.724,17.04,5.144,17.14,4.174,17.19,3.515,17.23,3.037,17.26,2.674,17.28,2.390,17.30,2.160
9.732,111.8,15.89,17.14,16.88,9.039,17.21,6.201,17.38,4.741,17.47,3.845,17.52,3.237,17.56,2.797,17.59,2.462,17.61,2.200,17.63,1.988
9.994,106.6,16.24,15.87,17.21,8.333,17.55,5.708,17.71,4.361,17.80,3.536,17.85,2.976,17.89,2.571,17.92,2.263,17.94,2.022,17.95,1.827
10.26,101.5,16.58,14.67,17.55,7.668,17.88,5.245,18.03,4.005,18.12,3.245,18.18,2.731,18.21,2.359,18.24,2.077,18.26,1.855,18.28,1.677
10.54,96.58,16.93,13.54,17.88,7.044,18.20,4.811,18.36,3.671,18.44,2.974,18.50,2.502,18.53,2.161,18.56,1.902,18.58,1.699,18.59,1.535
10.83,91.72,17.27,12.47,18.21,6.459,18.53,4.405,18.67,3.359,18.76,2.720,18.81,2.288,18.85,1.976,18.87,1.739,18.89,1.553,18.90,1.404
11.12,86.99,17.61,11.46,18.54,5.912,18.84,4.027,18.99,3.068,19.07,2.484,19.12,2.089,19.15,1.804,19.18,1.587,19.19,1.418,19.21,1.281
11.43,82.37,17.95,10.52,18.85,5.402,19.15,3.674,19.29,2.798,19.37,2.264,19.42,1.904,19.45,1.644,19.47,1.446,19.49,1.292,19.51,1.167
11.74,77.87,18.28,9.634,19.16,4.927,19.45,3.347,19.59,2.547,19.66,2.061,19.71,1.732,19.74,1.495,19.76,1.316,19.78,1.175,19.79,1.061
12.05,73.50,18.61,8.810,19.46,4.487,19.74,3.044,19.87,2.315,19.95,1.872,19.99,1.574,20.02,1.358,20.05,1.195,20.06,1.067,20.07,963.8E-3
12.38,69.26,18.93,8.041,19.76,4.079,20.03,2.763,20.15,2.100,20.22,1.698,20.27,1.427,20.30,1.231,20.32,1.083,20.33,967.2E-3,20.34,873.8E-3
12.71,65.16,19.24,7.327,20.04,3.702,20.30,2.505,20.42,1.903,20.49,1.538,20.53,1.292,20.56,1.115,20.58,980.6E-3,20.59,875.5E-3,20.60,790.9E-3
13.05,61.19,19.54,6.666,20.31,3.355,20.56,2.267,20.68,1.721,20.74,1.391,20.78,1.168,20.81,1.008,20.83,886.3E-3,20.84,791.3E-3,20.85,714.8E-3
13.40,57.36,19.83,6.054,20.58,3.035,20.82,2.049,20.92,1.555,20.99,1.256,21.02,1.055,21.05,909.6E-3,21.07,800.0E-3,21.08,714.1E-3,21.09,645.0E-3
13.75,53.68,20.11,5.490,20.83,2.742,21.06,1.849,21.16,1.402,21.22,1.132,21.25,950.7E-3,21.28,819.9E-3,21.30,721.0E-3,21.31,643.6E-3,21.32,581.3E-3
14.10,50.14,20.39,4.970,21.07,2.474,21.28,1.666,21.38,1.263,21.44,1.020,21.47,855.9E-3,21.50,738.1E-3,21.51,649.0E-3,21.52,579.3E-3,21.53,523.2E-3
14.46,46.75,20.65,4.494,21.30,2.230,21.50,1.500,21.60,1.136,21.65,917.0E-3,21.68,769.7E-3,21.70,663.6E-3,21.72,583.5E-3,21.73,520.8E-3,21.74,470.3E-3
14.83,43.51,20.90,4.057,21.51,2.007,21.71,1.348,21.80,1.021,21.85,823.7E-3,21.88,691.3E-3,21.90,595.9E-3,21.91,523.9E-3,21.92,467.6E-3,21.93,422.2E-3
15.19,40.42,21.13,3.658,21.72,1.804,21.90,1.211,21.99,916.4E-3,22.04,739.1E-3,22.06,620.2E-3,22.08,534.6E-3,22.10,469.9E-3,22.11,419.4E-3,22.12,378.7E-3
15.56,37.47,21.36,3.295,21.92,1.620,22.09,1.086,22.17,821.7E-3,22.21,662.5E-3,22.24,555.8E-3,22.26,479.0E-3,22.27,421.1E-3,22.28,375.7E-3,22.29,339.3E-3
15.93,34.68,21.57,2.964,22.10,1.453,22.27,973.2E-3,22.34,736.0E-3,22.38,593.3E-3,22.41,497.6E-3,22.43,428.8E-3,22.44,376.9E-3,22.45,336.3E-3,22.46,303.7E-3
16.29,32.04,21.78,2.663,22.28,1.302,22.43,871.3E-3,22.51,658.6E-3,22.54,530.8E-3,22.57,445.1E-3,22.59,383.5E-3,22.60,337.1E-3,22.61,300.7E-3,22.61,271.5E-3
16.66,29.55,21.97,2.390,22.45,1.165,22.59,779.3E-3,22.66,588.8E-3,22.70,474.4E-3,22.72,397.8E-3,22.74,342.7E-3,22.75,301.2E-3,22.76,268.7E-3,22.76,242.6E-3
17.02,27.19,22.15,2.143,22.60,1.042,22.75,696.5E-3,22.81,526.0E-3,22.84,423.7E-3,22.87,355.2E-3,22.88,306.0E-3,22.89,268.9E-3,22.90,239.9E-3,22.91,216.6E-3
17.38,24.99,22.33,1.920,22.76,931.5E-3,22.89,622.0E-3,22.95,469.5E-3,22.99,378.1E-3,23.01,317.0E-3,23.02,273.0E-3,23.03,239.9E-3,23.04,214.0E-3,23.04,193.2E-3
17.73,22.92,22.50,1.718,22.90,831.8E-3,23.03,555.0E-3,23.09,418.8E-3,23.12,337.2E-3,23.14,282.6E-3,23.16,243.4E-3,23.17,213.9E-3,23.17,190.8E-3,23.18,172.2E-3
18.07,20.98,22.66,1.537,23.05,742.3E-3,23.17,494.9E-3,23.22,373.3E-3,23.26,300.5E-3,23.27,251.8E-3,23.29,216.9E-3,23.30,190.5E-3,23.30,169.9E-3,23.31,153.4E-3
18.41,19.18,22.81,1.373,23.18,661.9E-3,23.30,440.9E-3,23.36,332.5E-3,23.39,267.6E-3,23.40,224.2E-3,23.42,193.1E-3,23.42,169.6E-3,23.43,151.3E-3,23.44,136.5E-3
18.74,17.50,22.96,1.226,23.32,589.8E-3,23.43,392.6E-3,23.48,296.0E-3,23.51,238.1E-3,23.53,199.5E-3,23.54,171.8E-3,23.55,150.9E-3,23.56,134.6E-3,23.56,121.4E-3
19.06,15.94,23.10,1.094,23.45,525.2E-3,23.56,349.4E-3,23.61,263.3E-3,23.64,211.8E-3,23.66,177.4E-3,23.67,152.7E-3,23.67,134.1E-3,23.68,119.6E-3,23.68,108.0E-3
19.37,14.50,23.24,975.5E-3,23.58,467.3E-3,23.69,310.7E-3,23.74,234.0E-3,23.76,188.2E-3,23.78,157.6E-3,23.79,135.7E-3,23.80,119.2E-3,23.80,106.3E-3,23.81,95.91E-3
19.67,13.17,23.38,869.2E-3,23.71,415.6E-3,23.81,276.1E-3,23.86,207.9E-3,23.89,167.2E-3,23.90,140.0E-3,23.91,120.5E-3,23.92,105.8E-3,23.93,94.36E-3,23.93,85.15E-3
19.96,11.94,23.51,773.9E-3,23.84,369.3E-3,23.94,245.2E-3,23.98,184.6E-3,24.01,148.4E-3,24.03,124.2E-3,24.04,106.9E-3,24.04,93.90E-3,24.05,83.72E-3,24.05,75.55E-3
20.24,10.82,23.65,688.6E-3,23.96,328.0E-3,24.06,217.6E-3,24.11,163.8E-3,24.13,131.6E-3,24.15,110.2E-3,24.16,94.83E-3,24.17,83.27E-3,24.17,74.24E-3,24.17,66.99E-3
20.51,9.784,23.78,612.3E-3,24.09,291.2E-3,24.19,193.0E-3,24.23,145.2E-3,24.26,116.7E-3,24.27,97.68E-3,24.28,84.05E-3,24.29,73.80E-3,24.29,65.80E-3,24.30,59.37E-3
20.76,8.837,23.91,544.1E-3,24.21,258.3E-3,24.31,171.1E-3,24.36,128.7E-3,24.38,103.4E-3,24.40,86.53E-3,24.40,74.45E-3,24.41,65.37E-3,24.42,58.27E-3,24.42,52.58E-3
21.01,7.973,24.04,483.2E-3,24.34,228.9E-3,24.44,151.6E-3,24.48,114.0E-3,24.50,91.54E-3,24.52,76.60E-3,24.53,65.91E-3,24.53,57.86E-3,24.54,51.58E-3,24.54,46.54E-3
21.24,7.184,24.17,428.8E-3,24.47,202.8E-3,24.56,134.2E-3,24.60,100.9E-3,24.63,81.00E-3,24.64,67.78E-3,24.65,58.31E-3,24.66,51.18E-3,24.66,45.62E-3,24.66,41.16E-3
21.46,6.467,24.29,380.4E-3,24.59,179.6E-3,24.68,118.7E-3,24.73,89.21E-3,24.75,71.63E-3,24.76,59.93E-3,24.77,51.55E-3,24.78,45.25E-3,24.78,40.33E-3,24.79,36.39E-3
21.67,5.815,24.42,337.1E-3,24.72,158.9E-3,24.81,105.0E-3,24.85,78.86E-3,24.87,63.31E-3,24.89,52.96E-3,24.90,45.55E-3,24.90,39.98E-3,24.91,35.63E-3,24.91,32.15E-3
21.88,5.223,24.55,298.6E-3,24.84,140.5E-3,24.93,92.79E-3,24.97,69.67E-3,24.99,55.92E-3,25.01,46.77E-3,25.02,40.22E-3,25.02,35.30E-3,25.03,31.46E-3,25.03,28.38E-3
22.07,4.687,24.68,264.4E-3,24.96,124.2E-3,25.05,81.95E-3,25.09,61.51E-3,25.12,49.36E-3,25.13,41.28E-3,25.14,35.50E-3,25.14,31.15E-3,25.15,27.76E-3,25.15,25.04E-3
22.26,4.202,24.80,233.9E-3,25.09,109.7E-3,25.17,72.34E-3,25.21,54.27E-3,25.24,43.55E-3,25.25,36.41E-3,25.26,31.31E-3,25.26,27.47E-3,25.27,24.48E-3,25.27,22.08E-3
22.44,3.764,24.93,206.8E-3,25.21,96.81E-3,25.29,63.81E-3,25.33,47.86E-3,25.35,38.39E-3,25.37,32.10E-3,25.37,27.60E-3,25.38,24.22E-3,25.38,21.58E-3,25.39,19.46E-3
22.61,3.369,25.05,182.7E-3,25.33,85.40E-3,25.41,56.26E-3,25.45,42.18E-3,25.47,33.83E-3,25.48,28.28E-3,25.49,24.31E-3,25.50,21.33E-3,25.50,19.01E-3,25.50,17.14E-3
22.78,3.012,25.18,161.4E-3,25.44,75.29E-3,25.53,49.57E-3,25.56,37.16E-3,25.58,29.79E-3,25.60,24.90E-3,25.60,21.41E-3,25.61,18.78E-3,25.61,16.73E-3,25.62,15.09E-3
22.94,2.692,25.30,142.4E-3,25.56,66.34E-3,25.64,43.65E-3,25.68,32.71E-3,25.70,26.22E-3,25.71,21.92E-3,25.72,18.84E-3,25.72,16.53E-3,25.72,14.72E-3,25.73,13.28E-3
23.10,2.403,25.42,125.6E-3,25.67,58.43E-3,25.75,38.42E-3,25.79,28.78E-3,25.81,23.07E-3,25.82,19.28E-3,25.82,16.57E-3,25.83,14.53E-3,25.83,12.95E-3,25.84,11.68E-3
23.26,2.144,25.53,110.8E-3,25.78,51.43E-3,25.86,33.80E-3,25.89,25.31E-3,25.91,20.28E-3,25.92,16.95E-3,25.93,14.56E-3,25.94,12.77E-3,25.94,11.38E-3,25.94,10.26E-3
23.41,1.911,25.65,97.59E-3,25.89,45.24E-3,25.96,29.71E-3,26.00,22.24E-3,26.02,17.82E-3,26.03,14.89E-3,26.03,12.80E-3,26.04,11.22E-3,26.04,9.997E-3,26.05,9.015E-3
23.56,1.703,25.76,85.94E-3,25.99,39.78E-3,26.07,26.11E-3,26.10,19.54E-3,26.12,15.66E-3,26.13,13.08E-3,26.13,11.24E-3,26.14,9.855E-3,26.14,8.778E-3,26.15,7.915E-3
23.71,1.516,25.87,75.64E-3,26.10,34.96E-3,26.17,22.93E-3,26.20,17.16E-3,26.22,13.74E-3,26.23,11.48E-3,26.23,9.862E-3,26.24,8.649E-3,26.24,7.704E-3,26.24,6.946E-3
23.86,1.349,25.97,66.54E-3,26.19,30.71E-3,26.26,20.13E-3,26.29,15.06E-3,26.31,12.06E-3,26.32,10.07E-3,26.33,8.652E-3,26.33,7.587E-3,26.33,6.757E-3,26.34,6.093E-3
24.00,1.199,26.08,58.51E-3,26.29,26.96E-3,26.36,17.67E-3,26.39,13.21E-3,26.40,10.58E-3,26.41,8.832E-3,26.42,7.587E-3,26.42,6.653E-3,26.42,5.925E-3,26.43,5.342E-3
24.15,1.065,26.17,51.42E-3,26.38,23.66E-3,26.45,15.50E-3,26.47,11.58E-3,26.49,9.274E-3,26.50,7.742E-3,26.50,6.650E-3,26.51,5.831E-3,26.51,5.193E-3,26.51,4.681E-3
24.29,945.6E-3,26.27,45.17E-3,26.47,20.76E-3,26.53,13.59E-3,26.56,10.15E-3,26.57,8.127E-3,26.58,6.784E-3,26.59,5.827E-3,26.59,5.108E-3,26.59,4.549E-3,26.60,4.101E-3
24.43,838.9E-3,26.36,39.66E-3,26.55,18.20E-3,26.61,11.91E-3,26.64,8.896E-3,26.65,7.119E-3,26.66,5.942E-3,26.67,5.103E-3,26.67,4.473E-3,26.67,3.983E-3,26.68,3.591E-3
24.57,743.8E-3,26.45,34.81E-3,26.64,15.95E-3,26.69,10.43E-3,26.72,7.792E-3,26.73,6.234E-3,26.74,5.203E-3,26.75,4.467E-3,26.75,3.916E-3,26.75,3.487E-3,26.75,3.143E-3
24.70,659.0E-3,26.54,30.54E-3,26.71,13.98E-3,26.77,9.136E-3,26.79,6.821E-3,26.81,5.457E-3,26.81,4.553E-3,26.82,3.910E-3,26.82,3.427E-3,26.82,3.051E-3,26.83,2.750E-3
24.84,583.6E-3,26.62,26.78E-3,26.79,12.24E-3,26.84,7.998E-3,26.86,5.970E-3,26.88,4.775E-3,26.88,3.984E-3,26.89,3.420E-3,26.89,2.998E-3,26.89,2.669E-3,26.90,2.406E-3
24.97,516.4E-3,26.70,23.48E-3,26.86,10.72E-3,26.91,6.999E-3,26.93,5.223E-3,26.94,4.177E-3,26.95,3.484E-3,26.96,2.991E-3,26.96,2.621E-3,26.96,2.334E-3,26.96,2.103E-3
25.10,456.7E-3,26.77,20.57E-3,26.93,9.382E-3,26.98,6.123E-3,27.00,4.568E-3,27.01,3.652E-3,27.02,3.047E-3,27.02,2.615E-3,27.02,2.292E-3,27.03,2.040E-3,27.03,1.839E-3
25.23,403.7E-3,26.85,18.02E-3,26.99,8.210E-3,27.04,5.355E-3,27.06,3.994E-3,27.07,3.193E-3,27.08,2.663E-3,27.08,2.286E-3,27.08,2.003E-3,27.09,1.783E-3,27.09,1.607E-3
25.35,356.6E-3,26.92,15.78E-3,27.06,7.182E-3,27.10,4.682E-3,27.12,3.491E-3,27.13,2.790E-3,27.13,2.327E-3,27.14,1.997E-3,27.14,1.750E-3,27.14,1.557E-3,27.15,1.404E-3
25.47,314.8E-3,26.98,13.82E-3,27.11,6.280E-3,27.16,4.093E-3,27.17,3.051E-3,27.18,2.438E-3,27.19,2.033E-3,27.19,1.744E-3,27.20,1.528E-3,27.20,1.360E-3,27.20,1.226E-3
25.59,277.8E-3,27.04,12.09E-3,27.17,5.491E-3,27.21,3.577E-3,27.23,2.665E-3,27.24,2.130E-3,27.24,1.775E-3,27.25,1.523E-3,27.25,1.335E-3,27.25,1.188E-3,27.25,1.070E-3
25.71,245.0E-3,27.10,10.58E-3,27.22,4.799E-3,27.26,3.125E-3,27.28,2.328E-3,27.29,1.860E-3,27.29,1.550E-3,27.29,1.330E-3,27.30,1.165E-3,27.30,1.037E-3,27.30,934.3E-6
25.82,216.0E-3,27.16,9.257E-3,27.27,4.194E-3,27.31,2.729E-3,27.32,2.033E-3,27.33,1.624E-3,27.34,1.353E-3,27.34,1.161E-3,27.34,1.017E-3,27.35,905.0E-6,27.35,815.4E-6
25.93,190.3E-3,27.21,8.096E-3,27.32,3.664E-3,27.35,2.383E-3,27.37,1.775E-3,27.38,1.417E-3,27.38,1.181E-3,27.39,1.013E-3,27.39,887.4E-6,27.39,789.7E-6,27.39,711.4E-6
26.03,167.6E-3,27.26,7.079E-3,27.37,3.201E-3,27.40,2.081E-3,27.41,1.549E-3,27.42,1.237E-3,27.42,1.031E-3,27.43,884.0E-6,27.43,774.2E-6,27.43,688.9E-6,27.43,620.6E-6
26.14,147.5E-3,27.31,6.188E-3,27.41,2.795E-3,27.44,1.817E-3,27.45,1.352E-3,27.46,1.079E-3,27.46,899.2E-6,27.47,771.2E-6,27.47,675.4E-6,27.47,600.9E-6,27.47,541.3E-6
26.24,129.8E-3,27.36,5.409E-3,27.45,2.441E-3,27.48,1.586E-3,27.49,1.180E-3,27.50,941.5E-6,27.50,784.4E-6,27.50,672.6E-6,27.51,589.0E-6,27.51,524.0E-6,27.51,472.0E-6
26.33,114.1E-3,27.40,4.727E-3,27.49,2.131E-3,27.51,1.384E-3,27.53,1.029E-3,27.53,821.3E-6,27.54,684.1E-6,27.54,586.6E-6,27.54,513.6E-6,27.54,456.9E-6,27.54,411.5E-6
26.42,100.3E-3,27.44,4.130E-3,27.52,1.860E-3,27.55,1.207E-3,27.56,897.7E-6,27.57,716.2E-6,27.57,596.5E-6,27.57,511.4E-6,27.57,447.8E-6,27.58,398.3E-6,27.58,358.8E-6
26.51,88.15E-3,27.48,3.608E-3,27.56,1.623E-3,27.58,1.053E-3,27.59,783.0E-6,27.60,624.6E-6,27.60,520.1E-6,27.60,445.9E-6,27.61,390.3E-6,27.61,347.2E-6,27.61,312.7E-6
26.59,77.43E-3,27.52,3.151E-3,27.59,1.417E-3,27.61,918.6E-6,27.62,682.8E-6,27.63,544.5E-6,27.63,453.4E-6,27.63,388.6E-6,27.63,340.2E-6,27.64,302.6E-6,27.64,272.5E-6
26.67,67.99E-3,27.55,2.752E-3,27.62,1.236E-3,27.64,801.2E-6,27.65,595.3E-6,27.66,474.7E-6,27.66,395.2E-6,27.66,338.7E-6,27.66,296.5E-6,27.66,263.7E-6,27.66,237.5E-6
26.75,59.68E-3,27.58,2.403E-3,27.65,1.078E-3,27.67,698.7E-6,27.68,519.0E-6,27.68,413.8E-6,27.68,344.4E-6,27.69,295.2E-6,27.69,258.3E-6,27.69,229.8E-6,27.69,206.9E-6
26.82,52.37E-3,27.61,2.098E-3,27.67,940.7E-6,27.69,609.2E-6,27.70,452.4E-6,27.71,360.6E-6,27.71,300.1E-6,27.71,257.2E-6,27.71,225.1E-6,27.71,200.2E-6,27.71,180.2E-6
26.89,45.94E-3,27.64,1.831E-3,27.70,820.5E-6,27.72,531.1E-6,27.72,394.3E-6,27.73,314.3E-6,27.73,261.5E-6,27.73,224.1E-6,27.73,196.1E-6,27.74,174.4E-6,27.74,157.0E-6
26.96,40.29E-3,27.67,1.599E-3,27.72,715.6E-6,27.74,463.0E-6,27.75,343.7E-6,27.75,273.8E-6,27.75,227.8E-6,27.76,195.2E-6,27.76,170.8E-6,27.76,151.9E-6,27.76,136.7E-6
27.02,35.32E-3,27.69,1.395E-3,27.74,624.1E-6,27.76,403.6E-6,27.77,299.5E-6,27.77,238.6E-6,27.77,198.5E-6,27.78,170.0E-6,27.78,148.8E-6,27.78,132.3E-6,27.78,119.1E-6
27.08,30.96E-3,27.72,1.218E-3,27.77,544.2E-6,27.78,351.8E-6,27.79,261.0E-6,27.79,207.9E-6,27.79,172.9E-6,27.79,148.1E-6,27.80,129.6E-6,27.80,115.2E-6,27.80,103.7E-6
27.14,27.13E-3,27.74,1.063E-3,27.78,474.5E-6,27.80,306.6E-6,27.81,227.4E-6,27.81,181.1E-6,27.81,150.6E-6,27.81,129.0E-6,27.81,112.8E-6,27.81,100.3E-6,27.81,90.30E-6
27.19,23.77E-3,27.76,927.4E-6,27.80,413.7E-6,27.82,267.2E-6,27.82,198.1E-6,27.83,157.8E-6,27.83,131.2E-6,27.83,112.3E-6,27.83,98.26E-6,27.83,87.35E-6,27.83,78.62E-6
27.24,20.83E-3,27.78,809.2E-6,27.82,360.7E-6,27.83,232.9E-6,27.84,172.6E-6,27.84,137.4E-6,27.84,114.2E-6,27.84,97.83E-6,27.85,85.56E-6,27.85,76.05E-6,27.85,68.45E-6
27.29,18.24E-3,27.80,706.1E-6,27.84,314.5E-6,27.85,203.0E-6,27.85,150.4E-6,27.86,119.7E-6,27.86,99.50E-6,27.86,85.19E-6,27.86,74.50E-6,27.86,66.21E-6,27.86,59.59E-6
27.34,15.98E-3,27.82,616.1E-6,27.85,274.2E-6,27.86,176.9E-6,27.87,131.0E-6,27.87,104.2E-6,27.87,86.65E-6,27.87,74.18E-6,27.87,64.87E-6,27.87,57.64E-6,27.88,51.88E-6
27.38,13.99E-3,27.83,537.6E-6,27.87,239.0E-6,27.88,154.1E-6,27.88,114.1E-6,27.88,90.79E-6,27.89,75.45E-6,27.89,64.59E-6,27.89,56.47E-6,27.89,50.18E-6,27.89,45.16E-6
27.42,12.25E-3,27.85,469.1E-6,27.88,208.4E-6,27.89,134.3E-6,27.89,99.42E-6,27.90,79.07E-6,27.90,65.70E-6,27.90,56.23E-6,27.90,49.16E-6,27.90,43.68E-6,27.90,39.31E-6
27.46,10.72E-3,27.86,409.3E-6,27.89,181.7E-6,27.90,117.0E-6,27.91,86.61E-6,27.91,68.87E-6,27.91,57.21E-6,27.91,48.96E-6,27.91,42.80E-6,27.91,38.03E-6,27.91,34.22E-6
27.50,9.386E-3,27.87,357.1E-6,27.90,158.4E-6,27.91,102.0E-6,27.92,75.44E-6,27.92,59.97E-6,27.92,49.82E-6,27.92,42.62E-6,27.92,37.26E-6,27.92,33.10E-6,27.92,29.78E-6
27.53,8.216E-3,27.89,311.6E-6,27.91,138.1E-6,27.92,88.84E-6,27.93,65.71E-6,27.93,52.23E-6,27.93,43.37E-6,27.93,37.11E-6,27.93,32.43E-6,27.93,28.81E-6,27.93,25.92E-6
27.57,7.191E-3,27.90,271.9E-6,27.92,120.4E-6,27.93,77.41E-6,27.94,57.24E-6,27.94,45.48E-6,27.94,37.77E-6,27.94,32.30E-6,27.94,28.23E-6,27.94,25.08E-6,27.94,22.56E-6
27.60,6.293E-3,27.91,237.2E-6,27.93,104.9E-6,27.94,67.45E-6,27.94,49.85E-6,27.95,39.61E-6,27.95,32.88E-6,27.95,28.12E-6,27.95,24.57E-6,27.95,21.83E-6,27.95,19.63E-6
27.63,5.508E-3,27.92,207.0E-6,27.94,91.47E-6,27.95,58.77E-6,27.95,43.42E-6,27.95,34.49E-6,27.96,28.63E-6,27.96,24.48E-6,27.96,21.39E-6,27.96,19.00E-6,27.96,17.09E-6
27.65,4.820E-3,27.93,180.6E-6,27.95,79.74E-6,27.96,51.21E-6,27.96,37.82E-6,27.96,30.03E-6,27.96,24.93E-6,27.96,21.31E-6,27.96,18.62E-6,27.97,16.53E-6,27.97,14.87E-6
27.68,4.218E-3,27.94,157.6E-6,27.96,69.52E-6,27.97,44.62E-6,27.97,32.95E-6,27.97,26.15E-6,27.97,21.70E-6,27.97,18.55E-6,27.97,16.21E-6,27.97,14.39E-6,27.97,12.94E-6
27.70,3.691E-3,27.95,137.5E-6,27.97,60.60E-6,27.97,38.88E-6,27.98,28.70E-6,27.98,22.77E-6,27.98,18.89E-6,27.98,16.15E-6,27.98,14.11E-6,27.98,12.52E-6,27.98,11.26E-6
27.73,3.230E-3,27.96,120.0E-6,27.97,52.84E-6,27.98,33.88E-6,27.98,24.99E-6,27.98,19.83E-6,27.98,16.45E-6,27.98,14.06E-6,27.99,12.28E-6,27.99,10.90E-6,27.99,9.800E-6
27.75,2.826E-3,27.96,104.7E-6,27.98,46.06E-6,27.99,29.52E-6,27.99,21.77E-6,27.99,17.27E-6,27.99,14.32E-6,27.99,12.24E-6,27.99,10.69E-6,27.99,9.485E-6,27.99,8.528E-6
27.77,2.473E-3,27.97,91.39E-6,27.99,40.16E-6,27.99,25.72E-6,27.99,18.96E-6,27.99,15.04E-6,28.00,12.47E-6,28.00,10.65E-6,28.00,9.301E-6,28.00,8.255E-6,28.00,7.421E-6
27.79,2.164E-3,27.98,79.76E-6,27.99,35.02E-6,28.00,22.41E-6,28.00,16.52E-6,28.00,13.10E-6,28.00,10.86E-6,28.00,9.273E-6,28.00,8.095E-6,28.00,7.184E-6,28.00,6.458E-6
27.80,1.894E-3,27.98,69.61E-6,28.00,30.53E-6,28.00,19.53E-6,28.00,14.39E-6,28.00,11.40E-6,28.01,9.451E-6,28.01,8.072E-6,28.01,7.046E-6,28.01,6.252E-6,28.01,5.620E-6
27.82,1.658E-3,27.99,60.76E-6,28.00,26.62E-6,28.01,17.02E-6,28.01,12.53E-6,28.01,9.931E-6,28.01,8.229E-6,28.01,7.027E-6,28.01,6.133E-6,28.01,5.441E-6,28.01,4.890E-6
27.84,1.451E-3,28.00,53.04E-6,28.01,23.22E-6,28.01,14.83E-6,28.01,10.92E-6,28.01,8.649E-6,28.01,7.164E-6,28.01,6.117E-6,28.02,5.338E-6,28.02,4.736E-6,28.02,4.256E-6
27.85,1.270E-3,28.00,46.30E-6,28.01,20.24E-6,28.02,12.93E-6,28.02,9.511E-6,28.02,7.532E-6,28.02,6.238E-6,28.02,5.325E-6,28.02,4.646E-6,28.02,4.121E-6,28.02,3.703E-6
27.87,1.111E-3,28.01,40.42E-6,28.02,17.65E-6,28.02,11.27E-6,28.02,8.286E-6,28.02,6.559E-6,28.02,5.431E-6,28.02,4.636E-6,28.02,4.044E-6,28.02,3.587E-6,28.02,3.223E-6
27.88,972.8E-6,28.01,35.29E-6,28.02,15.40E-6,28.02,9.818E-6,28.02,7.218E-6,28.02,5.712E-6,28.03,4.729E-6,28.03,4.035E-6,28.03,3.520E-6,28.03,3.122E-6,28.03,2.804E-6
27.89,851.6E-6,28.01,30.81E-6,28.02,13.43E-6,28.03,8.557E-6,28.03,6.289E-6,28.03,4.975E-6,28.03,4.117E-6,28.03,3.513E-6,28.03,3.064E-6,28.03,2.717E-6,28.03,2.441E-6
