bsim4 ,waveVsWave(?x (OP("/M0" "gm") / (- OP("/M0" "ids"))) ?y (OP("/M0" "gm") * OP("/M0" "rout"))) l 4.5e-08 ,bsim4 ,waveVsWave(?x (OP("/M0" "gm") / (- OP("/M0" "ids"))) ?y (OP("/M0" "gm") * OP("/M0" "rout"))) l 6.75e-08 ,bsim4 ,waveVsWave(?x (OP("/M0" "gm") / (- OP("/M0" "ids"))) ?y (OP("/M0" "gm") * OP("/M0" "rout"))) l 9e-08 ,bsim4 ,waveVsWave(?x (OP("/M0" "gm") / (- OP("/M0" "ids"))) ?y (OP("/M0" "gm") * OP("/M0" "rout"))) l 1.125e-07 ,bsim4 ,waveVsWave(?x (OP("/M0" "gm") / (- OP("/M0" "ids"))) ?y (OP("/M0" "gm") * OP("/M0" "rout"))) l 1.35e-07 ,bsim4 ,waveVsWave(?x (OP("/M0" "gm") / (- OP("/M0" "ids"))) ?y (OP("/M0" "gm") * OP("/M0" "rout"))) l 1.575e-07 ,bsim4 ,waveVsWave(?x (OP("/M0" "gm") / (- OP("/M0" "ids"))) ?y (OP("/M0" "gm") * OP("/M0" "rout"))) l 1.8e-07 ,bsim4 ,waveVsWave(?x (OP("/M0" "gm") / (- OP("/M0" "ids"))) ?y (OP("/M0" "gm") * OP("/M0" "rout"))) l 2.025e-07 ,bsim4 ,waveVsWave(?x (OP("/M0" "gm") / (- OP("/M0" "ids"))) ?y (OP("/M0" "gm") * OP("/M0" "rout"))) l 2.25e-07 ,bsim4 ,waveVsWave(?x (OP("/M0" "gm") / (- OP("/M0" "ids"))) ?y (OP("/M0" "gm") * OP("/M0" "rout"))) l 2.475e-07 ,bsim4 ,waveVsWave(?x (OP("/M0" "gm") / (- OP("/M0" "ids"))) ?y (OP("/M0" "gm") * OP("/M0" "rout"))) l 2.7e-07 
2.217,3.460,3.167,12.17,3.455,20.60,3.595,27.88,3.679,34.05,3.734,39.32,3.774,43.89,3.804,47.89,3.827,51.43,3.845,54.61,3.861,57.49
2.236,3.482,3.198,12.30,3.489,20.90,3.630,28.32,3.714,34.63,3.770,40.02,3.810,44.68,3.840,48.77,3.863,52.39,3.882,55.64,3.897,58.58
2.256,3.504,3.230,12.44,3.524,21.19,3.666,28.77,3.750,35.21,3.806,40.72,3.846,45.49,3.876,49.66,3.900,53.37,3.918,56.69,3.934,59.69
2.277,3.527,3.263,12.58,3.559,21.50,3.702,29.23,3.787,35.81,3.844,41.44,3.884,46.31,3.914,50.57,3.937,54.36,3.956,57.75,3.971,60.82
2.298,3.549,3.297,12.73,3.595,21.80,3.740,29.69,3.825,36.41,3.882,42.16,3.922,47.14,3.952,51.50,3.976,55.36,3.995,58.83,4.010,61.97
2.319,3.571,3.331,12.87,3.632,22.11,3.778,30.16,3.864,37.02,3.921,42.89,3.961,47.98,3.991,52.43,4.015,56.38,4.034,59.93,4.049,63.13
2.341,3.593,3.366,13.01,3.670,22.42,3.817,30.63,3.903,37.64,3.960,43.64,4.001,48.83,4.031,53.38,4.055,57.42,4.074,61.04,4.090,64.31
2.363,3.616,3.402,13.16,3.709,22.73,3.856,31.11,3.943,38.26,4.001,44.39,4.042,49.70,4.072,54.35,4.096,58.47,4.115,62.17,4.131,65.51
2.386,3.638,3.438,13.30,3.748,23.04,3.897,31.59,3.985,38.90,4.042,45.16,4.083,50.58,4.114,55.33,4.138,59.54,4.157,63.31,4.173,66.73
2.409,3.660,3.476,13.45,3.789,23.36,3.939,32.08,4.027,39.54,4.085,45.94,4.126,51.47,4.157,56.32,4.181,60.62,4.200,64.48,4.216,67.96
2.432,3.683,3.514,13.59,3.830,23.68,3.981,32.58,4.070,40.19,4.128,46.72,4.170,52.38,4.201,57.33,4.225,61.72,4.244,65.66,4.260,69.22
2.456,3.705,3.553,13.74,3.873,24.01,4.025,33.08,4.114,40.86,4.173,47.52,4.214,53.30,4.245,58.36,4.269,62.84,4.289,66.86,4.305,70.49
2.481,3.727,3.593,13.89,3.916,24.34,4.069,33.59,4.159,41.53,4.218,48.34,4.260,54.23,4.291,59.40,4.315,63.98,4.335,68.08,4.351,71.79
2.506,3.749,3.634,14.04,3.960,24.67,4.115,34.10,4.205,42.21,4.264,49.16,4.307,55.18,4.338,60.45,4.362,65.13,4.382,69.32,4.398,73.10
2.531,3.772,3.676,14.19,4.005,25.00,4.161,34.62,4.252,42.89,4.312,49.99,4.354,56.14,4.386,61.53,4.410,66.30,4.430,70.57,4.446,74.44
2.557,3.794,3.719,14.34,4.052,25.34,4.209,35.15,4.301,43.59,4.361,50.84,4.403,57.12,4.435,62.62,4.460,67.49,4.479,71.85,4.495,75.80
2.584,3.816,3.762,14.49,4.099,25.68,4.258,35.68,4.350,44.30,4.411,51.70,4.453,58.11,4.485,63.73,4.510,68.70,4.530,73.15,4.546,77.18
2.611,3.838,3.807,14.64,4.148,26.03,4.308,36.22,4.401,45.02,4.462,52.57,4.505,59.12,4.537,64.85,4.561,69.93,4.581,74.47,4.597,78.58
2.639,3.860,3.853,14.80,4.198,26.38,4.359,36.77,4.453,45.75,4.514,53.46,4.557,60.14,4.589,66.00,4.614,71.18,4.634,75.82,4.650,80.01
2.667,3.883,3.900,14.95,4.249,26.73,4.412,37.33,4.506,46.48,4.568,54.36,4.611,61.19,4.643,67.16,4.668,72.45,4.688,77.18,4.705,81.46
2.696,3.905,3.949,15.10,4.301,27.08,4.466,37.89,4.561,47.23,4.623,55.27,4.666,62.24,4.699,68.34,4.724,73.74,4.744,78.57,4.760,82.93
2.726,3.927,3.998,15.26,4.355,27.44,4.521,38.45,4.617,47.99,4.679,56.20,4.723,63.32,4.756,69.54,4.781,75.05,4.801,79.98,4.817,84.43
2.756,3.949,4.049,15.42,4.410,27.80,4.577,39.03,4.674,48.76,4.737,57.14,4.781,64.41,4.814,70.76,4.839,76.39,4.859,81.42,4.876,85.96
2.787,3.971,4.101,15.57,4.467,28.17,4.636,39.61,4.733,49.54,4.796,58.10,4.841,65.52,4.874,72.01,4.899,77.75,4.919,82.88,4.936,87.51
2.819,3.993,4.154,15.73,4.525,28.53,4.695,40.20,4.793,50.34,4.857,59.07,4.902,66.65,4.935,73.27,4.960,79.13,4.981,84.37,4.997,89.09
2.851,4.015,4.209,15.89,4.584,28.91,4.756,40.80,4.855,51.14,4.919,60.06,4.964,67.79,4.998,74.56,5.023,80.54,5.044,85.88,5.061,90.70
2.884,4.037,4.265,16.05,4.645,29.28,4.819,41.40,4.919,51.96,4.983,61.06,5.029,68.96,5.062,75.86,5.088,81.97,5.109,87.42,5.125,92.34
2.918,4.060,4.323,16.21,4.708,29.66,4.883,42.01,4.984,52.78,5.049,62.08,5.095,70.14,5.128,77.20,5.154,83.43,5.175,88.99,5.192,94.01
2.953,4.082,4.382,16.37,4.772,30.05,4.950,42.63,5.051,53.63,5.116,63.12,5.162,71.35,5.196,78.55,5.223,84.91,5.243,90.59,5.260,95.71
2.989,4.104,4.443,16.54,4.838,30.43,5.017,43.26,5.120,54.48,5.186,64.17,5.232,72.58,5.266,79.93,5.293,86.42,5.313,92.22,5.330,97.45
3.025,4.126,4.506,16.70,4.906,30.82,5.087,43.90,5.190,55.34,5.257,65.24,5.304,73.83,5.338,81.33,5.364,87.96,5.385,93.88,5.402,99.21
3.062,4.148,4.570,16.87,4.976,31.22,5.159,44.54,5.263,56.22,5.330,66.33,5.377,75.10,5.412,82.76,5.438,89.53,5.459,95.57,5.477,101.0
3.101,4.170,4.636,17.03,5.047,31.62,5.233,45.19,5.338,57.12,5.405,67.44,5.453,76.39,5.487,84.22,5.514,91.13,5.535,97.29,5.553,102.8
3.140,4.192,4.704,17.20,5.121,32.02,5.309,45.86,5.415,58.02,5.483,68.56,5.530,77.71,5.565,85.70,5.592,92.76,5.614,99.05,5.631,104.7
3.180,4.214,4.774,17.36,5.197,32.43,5.387,46.53,5.494,58.94,5.562,69.71,5.610,79.05,5.645,87.21,5.672,94.42,5.694,100.8,5.711,106.6
3.221,4.236,4.845,17.53,5.275,32.84,5.467,47.20,5.575,59.88,5.644,70.87,5.692,80.41,5.728,88.75,5.755,96.11,5.777,102.7,5.794,108.6
3.264,4.258,4.919,17.70,5.355,33.25,5.549,47.89,5.658,60.83,5.728,72.05,5.777,81.80,5.813,90.32,5.840,97.84,5.862,104.5,5.879,110.6
3.307,4.280,4.995,17.87,5.438,33.67,5.634,48.59,5.744,61.79,5.815,73.26,5.864,83.21,5.900,91.92,5.927,99.59,5.949,106.4,5.967,112.6
3.351,4.302,5.073,18.04,5.523,34.09,5.722,49.29,5.833,62.77,5.904,74.48,5.953,84.66,5.989,93.55,6.017,101.4,6.039,108.4,6.057,114.6
3.397,4.324,5.154,18.21,5.610,34.52,5.812,50.01,5.924,63.76,5.996,75.73,6.045,86.12,6.082,95.21,6.110,103.2,6.132,110.3,6.150,116.8
3.444,4.346,5.237,18.39,5.701,34.95,5.904,50.73,6.018,64.77,6.090,77.00,6.140,87.62,6.177,96.90,6.205,105.1,6.227,112.4,6.245,118.9
3.492,4.368,5.322,18.56,5.793,35.38,6.000,51.47,6.115,65.80,6.188,78.28,6.238,89.14,6.275,98.63,6.303,107.0,6.325,114.4,6.344,121.1
3.542,4.390,5.410,18.73,5.889,35.82,6.098,52.21,6.214,66.84,6.288,79.60,6.339,90.69,6.376,100.4,6.404,108.9,6.427,116.5,6.445,123.3
3.593,4.412,5.501,18.91,5.988,36.26,6.200,52.97,6.317,67.90,6.391,80.93,6.442,92.27,6.480,102.2,6.509,110.9,6.531,118.7,6.549,125.6
3.645,4.434,5.595,19.08,6.090,36.71,6.304,53.73,6.423,68.97,6.498,82.29,6.549,93.88,6.587,104.0,6.616,112.9,6.639,120.9,6.657,128.0
3.699,4.456,5.691,19.26,6.195,37.16,6.412,54.50,6.532,70.06,6.607,83.67,6.660,95.53,6.698,105.9,6.727,115.0,6.749,123.1,6.768,130.4
3.754,4.478,5.791,19.44,6.303,37.62,6.523,55.28,6.644,71.17,6.721,85.08,6.773,97.20,6.811,107.8,6.841,117.1,6.863,125.4,6.882,132.8
3.811,4.500,5.894,19.61,6.414,38.08,6.638,56.08,6.760,72.29,6.837,86.51,6.890,98.90,6.929,109.7,6.958,119.3,6.981,127.7,7.000,135.3
3.870,4.522,6.000,19.79,6.529,38.54,6.756,56.88,6.880,73.43,6.958,87.97,7.011,100.6,7.050,111.7,7.079,121.5,7.103,130.1,7.121,137.9
3.930,4.544,6.109,19.97,6.648,39.01,6.878,57.69,7.003,74.59,7.082,89.45,7.136,102.4,7.175,113.7,7.204,123.7,7.228,132.5,7.247,140.5
3.992,4.566,6.222,20.15,6.771,39.48,7.004,58.51,7.130,75.77,7.210,90.95,7.264,104.2,7.304,115.8,7.333,126.0,7.357,135.0,7.376,143.1
4.056,4.588,6.338,20.33,6.897,39.95,7.133,59.34,7.262,76.96,7.342,92.48,7.397,106.0,7.436,117.9,7.467,128.3,7.490,137.6,7.509,145.8
4.122,4.610,6.459,20.51,7.028,40.43,7.267,60.18,7.397,78.17,7.478,94.04,7.534,107.9,7.574,120.0,7.604,130.7,7.628,140.2,7.647,148.6
4.190,4.632,6.583,20.69,7.163,40.91,7.406,61.03,7.537,79.40,7.619,95.62,7.675,109.8,7.715,122.2,7.745,133.1,7.769,142.8,7.788,151.4
4.260,4.654,6.711,20.88,7.302,41.39,7.549,61.89,7.682,80.64,7.764,97.22,7.820,111.7,7.861,124.4,7.892,135.6,7.916,145.5,7.935,154.3
4.332,4.676,6.844,21.06,7.446,41.88,7.696,62.76,7.830,81.90,7.914,98.86,7.971,113.7,8.011,126.7,8.042,138.1,8.066,148.3,8.086,157.3
4.406,4.698,6.981,21.24,7.594,42.37,7.848,63.63,7.984,83.18,8.069,100.5,8.126,115.7,8.167,129.0,8.198,140.7,8.222,151.1,8.242,160.3
4.483,4.720,7.122,21.42,7.747,42.86,8.005,64.52,8.143,84.47,8.228,102.2,8.286,117.7,8.327,131.4,8.358,143.3,8.383,153.9,8.402,163.4
4.562,4.742,7.269,21.61,7.906,43.36,8.167,65.41,8.307,85.78,8.393,103.9,8.451,119.8,8.493,133.8,8.524,146.0,8.549,156.8,8.568,166.5
4.644,4.765,7.420,21.79,8.069,43.85,8.335,66.31,8.476,87.11,8.563,105.6,8.621,121.9,8.663,136.2,8.695,148.7,8.720,159.8,8.739,169.7
4.729,4.787,7.576,21.97,8.238,44.35,8.508,67.22,8.650,88.45,8.738,107.4,8.797,124.1,8.840,138.7,8.871,151.5,8.896,162.9,8.916,173.0
4.816,4.809,7.737,22.16,8.412,44.85,8.686,68.13,8.831,89.80,8.919,109.2,8.979,126.2,9.021,141.2,9.053,154.3,9.078,165.9,9.098,176.3
4.906,4.831,7.904,22.34,8.592,45.36,8.870,69.05,9.016,91.17,9.106,111.0,9.166,128.4,9.209,143.7,9.241,157.2,9.266,169.1,9.286,179.7
4.999,4.853,8.077,22.52,8.778,45.86,9.060,69.98,9.208,92.55,9.298,112.8,9.359,130.6,9.402,146.3,9.434,160.1,9.459,172.3,9.479,183.1
5.096,4.875,8.255,22.70,8.970,46.36,9.256,70.91,9.406,93.94,9.497,114.6,9.558,132.9,9.601,149.0,9.634,163.1,9.659,175.5,9.679,186.6
5.195,4.897,8.439,22.88,9.168,46.87,9.458,71.84,9.610,95.35,9.702,116.5,9.763,135.2,9.807,151.6,9.839,166.1,9.865,178.8,9.885,190.2
5.298,4.920,8.629,23.06,9.372,47.37,9.666,72.78,9.820,96.76,9.913,118.4,9.974,137.5,10.02,154.3,10.05,169.1,10.08,182.2,10.10,193.8
5.405,4.942,8.825,23.25,9.582,47.88,9.881,73.72,10.04,98.18,10.13,120.3,10.19,139.8,10.24,157.1,10.27,172.2,10.29,185.6,10.31,197.4
5.515,4.964,9.028,23.42,9.800,48.38,10.10,74.67,10.26,99.61,10.35,122.2,10.42,142.2,10.46,159.8,10.49,175.3,10.52,189.0,10.54,201.2
5.629,4.986,9.237,23.60,10.02,48.88,10.33,75.61,10.49,101.0,10.58,124.1,10.65,144.6,10.69,162.6,10.73,178.5,10.75,192.5,10.77,204.9
5.747,5.008,9.453,23.78,10.25,49.38,10.57,76.55,10.73,102.5,10.82,126.0,10.88,147.0,10.93,165.4,10.96,181.7,10.99,196.0,11.01,208.7
5.869,5.030,9.675,23.96,10.49,49.88,10.81,77.50,10.97,103.9,11.07,128.0,11.13,149.4,11.17,168.3,11.21,184.9,11.23,199.6,11.25,212.5
5.996,5.052,9.905,24.13,10.74,50.37,11.06,78.44,11.22,105.4,11.32,129.9,11.38,151.8,11.43,171.1,11.46,188.1,11.48,203.1,11.50,216.4
6.127,5.074,10.14,24.30,10.99,50.87,11.31,79.37,11.48,106.8,11.57,131.9,11.64,154.3,11.68,174.0,11.72,191.4,11.74,206.7,11.76,220.3
6.263,5.096,10.39,24.47,11.25,51.35,11.57,80.31,11.74,108.3,11.84,133.8,11.90,156.7,11.95,176.9,11.98,194.7,12.01,210.3,12.03,224.2
6.404,5.117,10.64,24.64,11.51,51.83,11.84,81.23,12.01,109.7,12.11,135.8,12.17,159.1,12.22,179.8,12.25,197.9,12.28,214.0,12.30,228.2
6.549,5.139,10.89,24.81,11.78,52.31,12.12,82.15,12.29,111.1,12.39,137.7,12.45,161.6,12.50,182.7,12.53,201.2,12.55,217.6,12.57,232.1
6.700,5.161,11.16,24.97,12.06,52.78,12.40,83.06,12.57,112.5,12.67,139.7,12.73,164.0,12.78,185.5,12.81,204.5,12.84,221.2,12.86,236.0
6.857,5.183,11.43,25.14,12.35,53.25,12.69,83.95,12.86,113.9,12.96,141.6,13.02,166.4,13.07,188.4,13.10,207.8,13.13,224.9,13.15,240.0
7.019,5.204,11.71,25.30,12.64,53.70,12.98,84.84,13.16,115.3,13.26,143.5,13.32,168.8,13.37,191.2,13.40,211.0,13.42,228.5,13.44,243.9
7.187,5.225,12.00,25.45,12.94,54.15,13.29,85.71,13.46,116.7,13.56,145.4,13.62,171.2,13.67,194.1,13.70,214.2,13.73,232.0,13.75,247.7
7.361,5.247,12.29,25.61,13.24,54.59,13.59,86.57,13.76,118.0,13.87,147.2,13.93,173.5,13.98,196.8,14.01,217.4,14.03,235.6,14.05,251.6
7.541,5.268,12.59,25.76,13.55,55.02,13.90,87.41,14.08,119.3,14.18,149.0,14.24,175.8,14.29,199.6,14.32,220.6,14.34,239.0,14.36,255.4
7.728,5.289,12.90,25.90,13.87,55.44,14.22,88.23,14.40,120.6,14.50,150.8,14.56,178.1,14.60,202.3,14.64,223.7,14.66,242.5,14.68,259.1
7.921,5.310,13.21,26.05,14.19,55.85,14.54,89.03,14.72,121.9,14.82,152.6,14.88,180.3,14.93,204.9,14.96,226.7,14.98,245.8,15.00,262.7
8.122,5.330,13.53,26.19,14.52,56.25,14.87,89.81,15.04,123.1,15.14,154.3,15.21,182.4,15.25,207.5,15.28,229.6,15.31,249.1,15.32,266.3
8.329,5.351,13.86,26.32,14.85,56.63,15.20,90.56,15.37,124.3,15.47,155.9,15.53,184.5,15.58,210.0,15.61,232.5,15.63,252.3,15.65,269.7
8.544,5.371,14.19,26.45,15.18,57.01,15.53,91.30,15.70,125.5,15.80,157.5,15.86,186.6,15.91,212.4,15.94,235.3,15.96,255.4,15.98,273.1
8.766,5.392,14.52,26.58,15.52,57.37,15.87,92.00,16.04,126.6,16.13,159.1,16.20,188.5,16.24,214.8,16.27,237.9,16.29,258.3,16.31,276.3
8.996,5.411,14.86,26.70,15.86,57.72,16.20,92.68,16.37,127.7,16.47,160.6,16.53,190.4,16.57,217.0,16.60,240.5,16.62,261.2,16.64,279.3
9.233,5.431,15.20,26.82,16.20,58.05,16.54,93.33,16.71,128.7,16.80,162.0,16.86,192.2,16.90,219.2,16.93,243.0,16.95,263.9,16.97,282.3
9.479,5.451,15.54,26.94,16.54,58.37,16.88,93.94,17.04,129.7,17.14,163.3,17.19,193.9,17.23,221.2,17.26,245.3,17.28,266.4,17.30,285.0
9.732,5.470,15.89,27.05,16.88,58.67,17.21,94.53,17.38,130.6,17.47,164.6,17.52,195.5,17.56,223.1,17.59,247.4,17.61,268.8,17.63,287.6
9.994,5.489,16.24,27.15,17.21,58.96,17.55,95.09,17.71,131.5,17.80,165.8,17.85,197.0,17.89,224.9,17.92,249.5,17.94,271.1,17.95,290.0
10.26,5.507,16.58,27.25,17.55,59.23,17.88,95.61,18.03,132.3,18.12,166.9,18.18,198.4,18.21,226.5,18.24,251.4,18.26,273.1,18.28,292.2
10.54,5.526,16.93,27.35,17.88,59.48,18.20,96.09,18.36,133.0,18.44,167.9,18.50,199.7,18.53,228.1,18.56,253.1,18.58,275.0,18.59,294.3
10.83,5.544,17.27,27.44,18.21,59.72,18.53,96.55,18.67,133.7,18.76,168.9,18.81,200.9,18.85,229.5,18.87,254.7,18.89,276.7,18.90,296.1
11.12,5.561,17.61,27.52,18.54,59.94,18.84,96.97,18.99,134.4,19.07,169.8,19.12,202.0,19.15,230.7,19.18,256.1,19.19,278.3,19.21,297.7
11.43,5.578,17.95,27.60,18.85,60.15,19.15,97.35,19.29,135.0,19.37,170.5,19.42,203.0,19.45,231.8,19.47,257.3,19.49,279.6,19.51,299.1
11.74,5.595,18.28,27.68,19.16,60.34,19.45,97.70,19.59,135.5,19.66,171.2,19.71,203.8,19.74,232.8,19.76,258.4,19.78,280.7,19.79,300.3
12.05,5.612,18.61,27.75,19.46,60.52,19.74,98.02,19.87,136.0,19.95,171.9,19.99,204.6,20.02,233.7,20.05,259.3,20.06,281.7,20.07,301.3
12.38,5.628,18.93,27.81,19.76,60.68,20.03,98.30,20.15,136.4,20.22,172.4,20.27,205.2,20.30,234.4,20.32,260.0,20.33,282.5,20.34,302.1
12.71,5.644,19.24,27.87,20.04,60.82,20.30,98.55,20.42,136.7,20.49,172.9,20.53,205.7,20.56,234.9,20.58,260.6,20.59,283.1,20.60,302.7
13.05,5.659,19.54,27.93,20.31,60.95,20.56,98.77,20.68,137.0,20.74,173.2,20.78,206.1,20.81,235.4,20.83,261.1,20.84,283.5,20.85,303.1
13.40,5.673,19.83,27.98,20.58,61.06,20.82,98.96,20.92,137.3,20.99,173.5,21.02,206.5,21.05,235.7,21.07,261.4,21.08,283.8,21.09,303.3
13.75,5.688,20.11,28.03,20.83,61.16,21.06,99.12,21.16,137.5,21.22,173.8,21.25,206.7,21.28,236.0,21.30,261.6,21.31,284.0,21.32,303.4
14.10,5.702,20.39,28.07,21.07,61.25,21.28,99.26,21.38,137.7,21.44,174.0,21.47,206.9,21.50,236.1,21.51,261.7,21.52,284.0,21.53,303.3
14.46,5.715,20.65,28.11,21.30,61.33,21.50,99.37,21.60,137.8,21.65,174.1,21.68,207.0,21.70,236.1,21.72,261.7,21.73,283.9,21.74,303.1
14.83,5.728,20.90,28.14,21.51,61.39,21.71,99.46,21.80,137.9,21.85,174.1,21.88,207.0,21.90,236.1,21.91,261.5,21.92,283.7,21.93,302.9
15.19,5.740,21.13,28.17,21.72,61.45,21.90,99.53,21.99,138.0,22.04,174.2,22.06,207.0,22.08,236.0,22.10,261.4,22.11,283.4,22.12,302.5
15.56,5.751,21.36,28.20,21.92,61.50,22.09,99.59,22.17,138.0,22.21,174.2,22.24,206.9,22.26,235.9,22.27,261.1,22.28,283.1,22.29,302.0
15.93,5.763,21.57,28.22,22.10,61.54,22.27,99.63,22.34,138.0,22.38,174.2,22.41,206.8,22.43,235.7,22.44,260.8,22.45,282.7,22.46,301.6
16.29,5.773,21.78,28.24,22.28,61.57,22.43,99.66,22.51,138.0,22.54,174.1,22.57,206.7,22.59,235.5,22.60,260.5,22.61,282.3,22.61,301.0
16.66,5.783,21.97,28.26,22.45,61.60,22.59,99.69,22.66,138.0,22.70,174.1,22.72,206.6,22.74,235.2,22.75,260.2,22.76,281.9,22.76,300.5
17.02,5.793,22.15,28.28,22.60,61.63,22.75,99.71,22.81,138.0,22.84,174.0,22.87,206.4,22.88,235.0,22.89,259.9,22.90,281.5,22.91,300.0
17.38,5.802,22.33,28.29,22.76,61.65,22.89,99.73,22.95,138.0,22.99,173.9,23.01,206.3,23.02,234.8,23.03,259.6,23.04,281.1,23.04,299.6
17.73,5.810,22.50,28.31,22.90,61.67,23.03,99.74,23.09,138.0,23.12,173.9,23.14,206.2,23.16,234.6,23.17,259.4,23.17,280.7,23.18,299.1
18.07,5.818,22.66,28.32,23.05,61.69,23.17,99.77,23.22,138.0,23.26,173.9,23.27,206.1,23.29,234.5,23.30,259.1,23.30,280.4,23.31,298.8
18.41,5.825,22.81,28.33,23.18,61.72,23.30,99.79,23.36,138.0,23.39,173.8,23.40,206.1,23.42,234.4,23.42,259.0,23.43,280.2,23.44,298.5
18.74,5.832,22.96,28.35,23.32,61.74,23.43,99.82,23.48,138.1,23.51,173.8,23.53,206.0,23.54,234.3,23.55,258.9,23.56,280.0,23.56,298.2
19.06,5.839,23.10,28.36,23.45,61.77,23.56,99.86,23.61,138.1,23.64,173.9,23.66,206.0,23.67,234.3,23.67,258.8,23.68,279.9,23.68,298.1
19.37,5.844,23.24,28.37,23.58,61.80,23.69,99.91,23.74,138.2,23.76,173.9,23.78,206.1,23.79,234.3,23.80,258.8,23.80,279.9,23.81,298.0
19.67,5.850,23.38,28.38,23.71,61.83,23.81,99.96,23.86,138.2,23.89,174.0,23.90,206.2,23.91,234.4,23.92,258.9,23.93,280.0,23.93,298.1
19.96,5.855,23.51,28.40,23.84,61.86,23.94,100.0,23.98,138.3,24.01,174.1,24.03,206.3,24.04,234.5,24.04,259.0,24.05,280.1,24.05,298.2
20.24,5.859,23.65,28.41,23.96,61.90,24.06,100.1,24.11,138.4,24.13,174.3,24.15,206.5,24.16,234.7,24.17,259.2,24.17,280.3,24.17,298.4
20.51,5.864,23.78,28.42,24.09,61.94,24.19,100.2,24.23,138.6,24.26,174.4,24.27,206.7,24.28,235.0,24.29,259.5,24.29,280.6,24.30,298.7
20.76,5.867,23.91,28.44,24.21,61.99,24.31,100.3,24.36,138.7,24.38,174.6,24.40,206.9,24.40,235.3,24.41,259.8,24.42,280.9,24.42,299.1
21.01,5.871,24.04,28.45,24.34,62.04,24.44,100.4,24.48,138.9,24.50,174.9,24.52,207.2,24.53,235.6,24.53,260.2,24.54,281.4,24.54,299.5
21.24,5.874,24.17,28.47,24.47,62.09,24.56,100.5,24.60,139.0,24.63,175.1,24.64,207.5,24.65,236.0,24.66,260.6,24.66,281.8,24.66,300.0
21.46,5.877,24.29,28.49,24.59,62.15,24.68,100.6,24.73,139.2,24.75,175.4,24.76,207.9,24.77,236.4,24.78,261.1,24.78,282.4,24.79,300.6
21.67,5.880,24.42,28.50,24.72,62.20,24.81,100.7,24.85,139.4,24.87,175.7,24.89,208.3,24.90,236.9,24.90,261.6,24.91,283.0,24.91,301.3
21.88,5.883,24.55,28.52,24.84,62.26,24.93,100.8,24.97,139.6,24.99,176.0,25.01,208.7,25.02,237.4,25.02,262.2,25.03,283.6,25.03,301.9
22.07,5.885,24.68,28.54,24.96,62.32,25.05,101.0,25.09,139.9,25.12,176.3,25.13,209.1,25.14,237.9,25.14,262.8,25.15,284.3,25.15,302.7
22.26,5.888,24.80,28.56,25.09,62.38,25.17,101.1,25.21,140.1,25.24,176.6,25.25,209.5,25.26,238.4,25.26,263.4,25.27,285.0,25.27,303.4
22.44,5.890,24.93,28.58,25.21,62.45,25.29,101.2,25.33,140.3,25.35,177.0,25.37,210.0,25.37,238.9,25.38,264.1,25.38,285.7,25.39,304.2
22.61,5.892,25.05,28.60,25.33,62.51,25.41,101.4,25.45,140.6,25.47,177.3,25.48,210.4,25.49,239.5,25.50,264.7,25.50,286.4,25.50,305.0
22.78,5.894,25.18,28.62,25.44,62.58,25.53,101.5,25.56,140.8,25.58,177.7,25.60,210.9,25.60,240.1,25.61,265.4,25.61,287.2,25.62,305.9
22.94,5.897,25.30,28.64,25.56,62.64,25.64,101.7,25.68,141.0,25.70,178.0,25.71,211.3,25.72,240.6,25.72,266.1,25.72,287.9,25.73,306.7
23.10,5.899,25.42,28.66,25.67,62.70,25.75,101.8,25.79,141.3,25.81,178.4,25.82,211.8,25.82,241.2,25.83,266.7,25.83,288.7,25.84,307.6
23.26,5.901,25.53,28.68,25.78,62.77,25.86,101.9,25.89,141.5,25.91,178.7,25.92,212.3,25.93,241.8,25.94,267.4,25.94,289.5,25.94,308.4
23.41,5.903,25.65,28.70,25.89,62.83,25.96,102.1,26.00,141.7,26.02,179.0,26.03,212.7,26.03,242.3,26.04,268.1,26.04,290.2,26.05,309.2
23.56,5.906,25.76,28.72,25.99,62.89,26.07,102.2,26.10,142.0,26.12,179.4,26.13,213.2,26.13,242.9,26.14,268.7,26.14,291.0,26.15,310.1
23.71,5.908,25.87,28.73,26.10,62.95,26.17,102.3,26.20,142.2,26.22,179.7,26.23,213.6,26.23,243.5,26.24,269.4,26.24,291.7,26.24,310.9
23.86,5.910,25.97,28.75,26.19,63.01,26.26,102.5,26.29,142.4,26.31,180.0,26.32,214.0,26.33,244.0,26.33,270.0,26.33,292.4,26.34,311.7
24.00,5.913,26.08,28.77,26.29,63.06,26.36,102.6,26.39,142.6,26.40,180.3,26.41,214.5,26.42,244.5,26.42,270.6,26.42,293.1,26.43,312.5
24.15,5.915,26.17,28.79,26.38,63.12,26.45,102.7,26.47,142.8,26.49,180.7,26.50,214.9,26.50,245.0,26.51,271.2,26.51,293.8,26.51,313.2
24.29,5.918,26.27,28.80,26.47,63.17,26.53,102.8,26.56,143.0,26.57,180.9,26.58,215.3,26.59,245.5,26.59,271.8,26.59,294.5,26.60,314.0
24.43,5.920,26.36,28.82,26.55,63.22,26.61,102.9,26.64,143.2,26.65,181.2,26.66,215.6,26.67,246.0,26.67,272.4,26.67,295.1,26.68,314.7
24.57,5.923,26.45,28.84,26.64,63.27,26.69,103.0,26.72,143.4,26.73,181.5,26.74,216.0,26.75,246.5,26.75,272.9,26.75,295.8,26.75,315.4
24.70,5.925,26.54,28.85,26.71,63.32,26.77,103.1,26.79,143.6,26.81,181.8,26.81,216.4,26.82,246.9,26.82,273.5,26.82,296.4,26.83,316.1
24.84,5.928,26.62,28.87,26.79,63.36,26.84,103.2,26.86,143.7,26.88,182.0,26.88,216.7,26.89,247.3,26.89,274.0,26.89,296.9,26.90,316.7
24.97,5.930,26.70,28.88,26.86,63.41,26.91,103.3,26.93,143.9,26.94,182.3,26.95,217.0,26.96,247.7,26.96,274.5,26.96,297.5,26.96,317.3
25.10,5.933,26.77,28.89,26.93,63.45,26.98,103.4,27.00,144.1,27.01,182.5,27.02,217.4,27.02,248.1,27.02,274.9,27.03,298.0,27.03,317.9
25.23,5.936,26.85,28.91,26.99,63.49,27.04,103.5,27.06,144.2,27.07,182.7,27.08,217.7,27.08,248.5,27.08,275.4,27.09,298.5,27.09,318.5
25.35,5.938,26.92,28.92,27.06,63.52,27.10,103.6,27.12,144.3,27.13,182.9,27.13,217.9,27.14,248.9,27.14,275.8,27.14,299.0,27.15,319.0
25.47,5.940,26.98,28.93,27.11,63.56,27.16,103.7,27.17,144.5,27.18,183.1,27.19,218.2,27.19,249.2,27.20,276.2,27.20,299.5,27.20,319.5
25.59,5.943,27.04,28.94,27.17,63.59,27.21,103.7,27.23,144.6,27.24,183.3,27.24,218.5,27.25,249.5,27.25,276.6,27.25,299.9,27.25,320.0
25.71,5.945,27.10,28.95,27.22,63.63,27.26,103.8,27.28,144.7,27.29,183.5,27.29,218.7,27.29,249.8,27.30,276.9,27.30,300.4,27.30,320.5
25.82,5.947,27.16,28.96,27.27,63.66,27.31,103.9,27.32,144.9,27.33,183.7,27.34,218.9,27.34,250.1,27.34,277.3,27.35,300.7,27.35,320.9
25.93,5.950,27.21,28.97,27.32,63.68,27.35,103.9,27.37,145.0,27.38,183.9,27.38,219.2,27.39,250.4,27.39,277.6,27.39,301.1,27.39,321.3
26.03,5.952,27.26,28.98,27.37,63.71,27.40,104.0,27.41,145.1,27.42,184.0,27.42,219.4,27.43,250.7,27.43,277.9,27.43,301.5,27.43,321.7
26.14,5.954,27.31,28.99,27.41,63.74,27.44,104.0,27.45,145.2,27.46,184.2,27.46,219.6,27.47,250.9,27.47,278.2,27.47,301.8,27.47,322.1
26.24,5.956,27.36,29.00,27.45,63.76,27.48,104.1,27.49,145.3,27.50,184.3,27.50,219.8,27.50,251.2,27.51,278.5,27.51,302.1,27.51,322.5
26.33,5.958,27.40,29.00,27.49,63.79,27.51,104.2,27.53,145.3,27.53,184.4,27.54,219.9,27.54,251.4,27.54,278.8,27.54,302.4,27.54,322.8
26.42,5.960,27.44,29.01,27.52,63.81,27.55,104.2,27.56,145.4,27.57,184.5,27.57,220.1,27.57,251.6,27.57,279.0,27.58,302.7,27.58,323.1
26.51,5.961,27.48,29.02,27.56,63.83,27.58,104.2,27.59,145.5,27.60,184.7,27.60,220.3,27.60,251.8,27.61,279.3,27.61,303.0,27.61,323.4
26.59,5.963,27.52,29.02,27.59,63.85,27.61,104.3,27.62,145.6,27.63,184.8,27.63,220.4,27.63,252.0,27.63,279.5,27.64,303.3,27.64,323.7
26.67,5.965,27.55,29.03,27.62,63.86,27.64,104.3,27.65,145.6,27.66,184.9,27.66,220.6,27.66,252.1,27.66,279.7,27.66,303.5,27.66,324.0
26.75,5.966,27.58,29.03,27.65,63.88,27.67,104.4,27.68,145.7,27.68,185.0,27.68,220.7,27.69,252.3,27.69,279.9,27.69,303.7,27.69,324.2
26.82,5.968,27.61,29.04,27.67,63.90,27.69,104.4,27.70,145.8,27.71,185.1,27.71,220.8,27.71,252.5,27.71,280.1,27.71,303.9,27.71,324.5
26.89,5.969,27.64,29.04,27.70,63.91,27.72,104.4,27.72,145.8,27.73,185.2,27.73,220.9,27.73,252.6,27.73,280.2,27.74,304.1,27.74,324.7
26.96,5.970,27.67,29.05,27.72,63.93,27.74,104.5,27.75,145.9,27.75,185.2,27.75,221.0,27.76,252.7,27.76,280.4,27.76,304.3,27.76,324.9
27.02,5.972,27.69,29.05,27.74,63.94,27.76,104.5,27.77,145.9,27.77,185.3,27.77,221.1,27.78,252.9,27.78,280.6,27.78,304.5,27.78,325.1
27.08,5.973,27.72,29.06,27.77,63.95,27.78,104.5,27.79,146.0,27.79,185.4,27.79,221.2,27.79,253.0,27.80,280.7,27.80,304.7,27.80,325.3
27.14,5.974,27.74,29.06,27.78,63.97,27.80,104.5,27.81,146.0,27.81,185.5,27.81,221.3,27.81,253.1,27.81,280.8,27.81,304.8,27.81,325.5
27.19,5.975,27.76,29.07,27.80,63.98,27.82,104.6,27.82,146.1,27.83,185.5,27.83,221.4,27.83,253.2,27.83,281.0,27.83,305.0,27.83,325.6
27.24,5.976,27.78,29.07,27.82,63.99,27.83,104.6,27.84,146.1,27.84,185.6,27.84,221.5,27.84,253.3,27.85,281.1,27.85,305.1,27.85,325.8
27.29,5.977,27.80,29.07,27.84,64.00,27.85,104.6,27.85,146.1,27.86,185.6,27.86,221.6,27.86,253.4,27.86,281.2,27.86,305.2,27.86,325.9
27.34,5.978,27.82,29.07,27.85,64.01,27.86,104.6,27.87,146.2,27.87,185.7,27.87,221.6,27.87,253.5,27.87,281.3,27.87,305.4,27.88,326.1
27.38,5.979,27.83,29.08,27.87,64.01,27.88,104.7,27.88,146.2,27.88,185.7,27.89,221.7,27.89,253.6,27.89,281.4,27.89,305.5,27.89,326.2
27.42,5.980,27.85,29.08,27.88,64.02,27.89,104.7,27.89,146.2,27.90,185.8,27.90,221.8,27.90,253.7,27.90,281.5,27.90,305.6,27.90,326.3
27.46,5.981,27.86,29.08,27.89,64.03,27.90,104.7,27.91,146.3,27.91,185.8,27.91,221.8,27.91,253.7,27.91,281.6,27.91,305.7,27.91,326.4
27.50,5.981,27.87,29.09,27.90,64.04,27.91,104.7,27.92,146.3,27.92,185.9,27.92,221.9,27.92,253.8,27.92,281.7,27.92,305.8,27.92,326.5
27.53,5.982,27.89,29.09,27.91,64.04,27.92,104.7,27.93,146.3,27.93,185.9,27.93,221.9,27.93,253.9,27.93,281.7,27.93,305.9,27.93,326.6
27.57,5.983,27.90,29.09,27.92,64.05,27.93,104.7,27.94,146.4,27.94,185.9,27.94,222.0,27.94,253.9,27.94,281.8,27.94,305.9,27.94,326.7
27.60,5.983,27.91,29.09,27.93,64.06,27.94,104.7,27.94,146.4,27.95,186.0,27.95,222.0,27.95,254.0,27.95,281.9,27.95,306.0,27.95,326.8
27.63,5.984,27.92,29.09,27.94,64.06,27.95,104.8,27.95,146.4,27.95,186.0,27.96,222.1,27.96,254.0,27.96,282.0,27.96,306.1,27.96,326.9
27.65,5.984,27.93,29.09,27.95,64.07,27.96,104.8,27.96,146.4,27.96,186.0,27.96,222.1,27.96,254.1,27.96,282.0,27.97,306.2,27.97,326.9
27.68,5.985,27.94,29.10,27.96,64.07,27.97,104.8,27.97,146.4,27.97,186.1,27.97,222.1,27.97,254.1,27.97,282.1,27.97,306.2,27.97,327.0
27.70,5.985,27.95,29.10,27.97,64.08,27.97,104.8,27.98,146.4,27.98,186.1,27.98,222.2,27.98,254.2,27.98,282.1,27.98,306.3,27.98,327.1
27.73,5.986,27.96,29.10,27.97,64.08,27.98,104.8,27.98,146.5,27.98,186.1,27.98,222.2,27.98,254.2,27.99,282.2,27.99,306.3,27.99,327.1
27.75,5.986,27.96,29.10,27.98,64.08,27.99,104.8,27.99,146.5,27.99,186.1,27.99,222.2,27.99,254.3,27.99,282.2,27.99,306.4,27.99,327.2
27.77,5.987,27.97,29.10,27.99,64.09,27.99,104.8,27.99,146.5,27.99,186.1,28.00,222.3,28.00,254.3,28.00,282.3,28.00,306.4,28.00,327.3
27.79,5.987,27.98,29.10,27.99,64.09,28.00,104.8,28.00,146.5,28.00,186.2,28.00,222.3,28.00,254.3,28.00,282.3,28.00,306.5,28.00,327.3
27.80,5.987,27.98,29.10,28.00,64.09,28.00,104.8,28.00,146.5,28.00,186.2,28.01,222.3,28.01,254.4,28.01,282.3,28.01,306.5,28.01,327.4
27.82,5.988,27.99,29.10,28.00,64.10,28.01,104.8,28.01,146.5,28.01,186.2,28.01,222.3,28.01,254.4,28.01,282.4,28.01,306.6,28.01,327.4
27.84,5.988,28.00,29.11,28.01,64.10,28.01,104.8,28.01,146.5,28.01,186.2,28.01,222.4,28.01,254.4,28.02,282.4,28.02,306.6,28.02,327.4
27.85,5.988,28.00,29.11,28.01,64.10,28.02,104.8,28.02,146.5,28.02,186.2,28.02,222.4,28.02,254.4,28.02,282.4,28.02,306.6,28.02,327.5
27.87,5.988,28.01,29.11,28.02,64.11,28.02,104.9,28.02,146.6,28.02,186.2,28.02,222.4,28.02,254.5,28.02,282.5,28.02,306.7,28.02,327.5
27.88,5.989,28.01,29.11,28.02,64.11,28.02,104.9,28.02,146.6,28.02,186.3,28.03,222.4,28.03,254.5,28.03,282.5,28.03,306.7,28.03,327.5
27.89,5.989,28.01,29.11,28.02,64.11,28.03,104.9,28.03,146.6,28.03,186.3,28.03,222.4,28.03,254.5,28.03,282.5,28.03,306.7,28.03,327.6
