bsim4 ,waveVsWave(?x (OP("/M0" "gm") / OP("/M0" "ids")) ?y (OP("/M0" "gm") * OP("/M0" "rout"))) l 4.5e-08 ,bsim4 ,waveVsWave(?x (OP("/M0" "gm") / OP("/M0" "ids")) ?y (OP("/M0" "gm") * OP("/M0" "rout"))) l 6.75e-08 ,bsim4 ,waveVsWave(?x (OP("/M0" "gm") / OP("/M0" "ids")) ?y (OP("/M0" "gm") * OP("/M0" "rout"))) l 9e-08 ,bsim4 ,waveVsWave(?x (OP("/M0" "gm") / OP("/M0" "ids")) ?y (OP("/M0" "gm") * OP("/M0" "rout"))) l 1.125e-07 ,bsim4 ,waveVsWave(?x (OP("/M0" "gm") / OP("/M0" "ids")) ?y (OP("/M0" "gm") * OP("/M0" "rout"))) l 1.35e-07 ,bsim4 ,waveVsWave(?x (OP("/M0" "gm") / OP("/M0" "ids")) ?y (OP("/M0" "gm") * OP("/M0" "rout"))) l 1.575e-07 ,bsim4 ,waveVsWave(?x (OP("/M0" "gm") / OP("/M0" "ids")) ?y (OP("/M0" "gm") * OP("/M0" "rout"))) l 1.8e-07 ,bsim4 ,waveVsWave(?x (OP("/M0" "gm") / OP("/M0" "ids")) ?y (OP("/M0" "gm") * OP("/M0" "rout"))) l 2.025e-07 ,bsim4 ,waveVsWave(?x (OP("/M0" "gm") / OP("/M0" "ids")) ?y (OP("/M0" "gm") * OP("/M0" "rout"))) l 2.25e-07 ,bsim4 ,waveVsWave(?x (OP("/M0" "gm") / OP("/M0" "ids")) ?y (OP("/M0" "gm") * OP("/M0" "rout"))) l 2.475e-07 ,bsim4 ,waveVsWave(?x (OP("/M0" "gm") / OP("/M0" "ids")) ?y (OP("/M0" "gm") * OP("/M0" "rout"))) l 2.7e-07 
26.69,7.195,26.76,34.61,26.77,75.09,26.77,120.3,26.77,164.2,26.77,203.7,26.77,237.9,26.77,266.6,26.77,290.6,26.77,310.5,26.77,327.0
26.68,7.195,26.76,34.61,26.76,75.09,26.77,120.3,26.77,164.2,26.77,203.7,26.77,237.8,26.77,266.6,26.77,290.6,26.77,310.5,26.77,326.9
26.67,7.195,26.75,34.61,26.76,75.08,26.76,120.2,26.76,164.1,26.76,203.7,26.76,237.8,26.76,266.6,26.76,290.5,26.76,310.4,26.76,326.9
26.66,7.195,26.74,34.61,26.75,75.08,26.75,120.2,26.75,164.1,26.76,203.6,26.76,237.8,26.76,266.5,26.76,290.5,26.76,310.3,26.76,326.8
26.65,7.194,26.74,34.61,26.74,75.07,26.75,120.2,26.75,164.1,26.75,203.6,26.75,237.7,26.75,266.5,26.75,290.4,26.75,310.3,26.75,326.8
26.63,7.194,26.73,34.61,26.74,75.07,26.74,120.2,26.74,164.1,26.74,203.6,26.74,237.7,26.74,266.4,26.74,290.4,26.74,310.2,26.74,326.7
26.62,7.194,26.72,34.60,26.73,75.06,26.73,120.2,26.73,164.1,26.73,203.6,26.73,237.6,26.74,266.4,26.74,290.3,26.74,310.1,26.74,326.6
26.60,7.193,26.71,34.60,26.72,75.05,26.72,120.2,26.73,164.0,26.73,203.5,26.73,237.6,26.73,266.3,26.73,290.2,26.73,310.1,26.73,326.5
26.59,7.193,26.70,34.60,26.71,75.05,26.72,120.2,26.72,164.0,26.72,203.5,26.72,237.5,26.72,266.2,26.72,290.2,26.72,310.0,26.72,326.4
26.57,7.192,26.69,34.60,26.70,75.04,26.71,120.2,26.71,164.0,26.71,203.4,26.71,237.5,26.71,266.2,26.71,290.1,26.71,309.9,26.71,326.3
26.55,7.192,26.68,34.60,26.69,75.03,26.70,120.1,26.70,164.0,26.70,203.4,26.70,237.4,26.70,266.1,26.70,290.0,26.70,309.8,26.70,326.2
26.53,7.192,26.67,34.59,26.68,75.02,26.69,120.1,26.69,163.9,26.69,203.3,26.69,237.4,26.69,266.0,26.69,289.9,26.69,309.7,26.69,326.1
26.51,7.191,26.66,34.59,26.67,75.02,26.68,120.1,26.68,163.9,26.68,203.3,26.68,237.3,26.68,265.9,26.68,289.8,26.68,309.6,26.68,326.0
26.49,7.191,26.65,34.59,26.66,75.01,26.67,120.1,26.67,163.8,26.67,203.2,26.67,237.2,26.67,265.9,26.67,289.7,26.67,309.5,26.67,325.9
26.46,7.190,26.63,34.58,26.65,75.00,26.65,120.1,26.65,163.8,26.66,203.2,26.66,237.1,26.66,265.8,26.66,289.6,26.66,309.4,26.66,325.8
26.44,7.189,26.62,34.58,26.63,74.99,26.64,120.0,26.64,163.8,26.64,203.1,26.64,237.1,26.64,265.7,26.64,289.5,26.64,309.3,26.64,325.6
26.41,7.189,26.60,34.58,26.62,74.97,26.63,120.0,26.63,163.7,26.63,203.1,26.63,237.0,26.63,265.6,26.63,289.4,26.63,309.1,26.63,325.5
26.38,7.188,26.59,34.57,26.61,74.96,26.61,120.0,26.61,163.7,26.61,203.0,26.62,236.9,26.62,265.5,26.62,289.3,26.62,309.0,26.62,325.3
26.35,7.187,26.57,34.57,26.59,74.95,26.59,120.0,26.60,163.6,26.60,202.9,26.60,236.8,26.60,265.3,26.60,289.1,26.60,308.8,26.60,325.2
26.32,7.187,26.55,34.57,26.57,74.94,26.58,119.9,26.58,163.6,26.58,202.8,26.58,236.7,26.58,265.2,26.58,289.0,26.58,308.7,26.58,325.0
26.29,7.186,26.53,34.56,26.55,74.92,26.56,119.9,26.56,163.5,26.56,202.8,26.57,236.6,26.57,265.1,26.57,288.8,26.57,308.5,26.57,324.8
26.25,7.185,26.51,34.56,26.53,74.91,26.54,119.9,26.54,163.5,26.55,202.7,26.55,236.5,26.55,265.0,26.55,288.7,26.55,308.3,26.55,324.6
26.21,7.184,26.49,34.55,26.51,74.89,26.52,119.8,26.52,163.4,26.53,202.6,26.53,236.4,26.53,264.8,26.53,288.5,26.53,308.1,26.53,324.4
26.17,7.183,26.46,34.55,26.49,74.87,26.50,119.8,26.50,163.3,26.50,202.5,26.51,236.2,26.51,264.6,26.51,288.3,26.51,307.9,26.51,324.2
26.13,7.182,26.44,34.54,26.47,74.85,26.48,119.7,26.48,163.3,26.48,202.4,26.48,236.1,26.48,264.5,26.48,288.1,26.49,307.7,26.49,323.9
26.08,7.181,26.41,34.54,26.44,74.83,26.45,119.7,26.46,163.2,26.46,202.3,26.46,235.9,26.46,264.3,26.46,287.9,26.46,307.5,26.46,323.7
26.04,7.180,26.38,34.53,26.42,74.81,26.43,119.6,26.43,163.1,26.43,202.2,26.43,235.8,26.44,264.1,26.44,287.7,26.44,307.2,26.44,323.4
25.99,7.179,26.35,34.52,26.39,74.79,26.40,119.6,26.40,163.0,26.41,202.0,26.41,235.6,26.41,263.9,26.41,287.5,26.41,307.0,26.41,323.1
25.93,7.178,26.32,34.52,26.36,74.77,26.37,119.5,26.37,162.9,26.38,201.9,26.38,235.5,26.38,263.7,26.38,287.2,26.38,306.7,26.38,322.8
25.88,7.176,26.29,34.51,26.33,74.74,26.34,119.5,26.34,162.8,26.35,201.8,26.35,235.3,26.35,263.5,26.35,286.9,26.35,306.4,26.35,322.5
25.82,7.175,26.25,34.50,26.29,74.71,26.31,119.4,26.31,162.7,26.32,201.6,26.32,235.1,26.32,263.2,26.32,286.7,26.32,306.1,26.32,322.2
25.75,7.173,26.21,34.49,26.26,74.69,26.27,119.4,26.28,162.6,26.28,201.5,26.28,234.9,26.28,263.0,26.28,286.4,26.29,305.8,26.29,321.8
25.69,7.172,26.17,34.48,26.22,74.66,26.24,119.3,26.24,162.5,26.24,201.3,26.25,234.7,26.25,262.7,26.25,286.1,26.25,305.4,26.25,321.4
25.62,7.170,26.13,34.47,26.18,74.63,26.20,119.2,26.20,162.4,26.21,201.1,26.21,234.4,26.21,262.4,26.21,285.7,26.21,305.0,26.21,321.0
25.54,7.169,26.09,34.46,26.14,74.59,26.16,119.2,26.16,162.3,26.17,200.9,26.17,234.2,26.17,262.1,26.17,285.4,26.17,304.7,26.17,320.6
25.46,7.167,26.04,34.45,26.09,74.56,26.11,119.1,26.12,162.1,26.12,200.7,26.13,233.9,26.13,261.8,26.13,285.0,26.13,304.3,26.13,320.2
25.38,7.165,25.99,34.44,26.05,74.52,26.07,119.0,26.07,162.0,26.08,200.5,26.08,233.7,26.08,261.5,26.08,284.7,26.08,303.8,26.08,319.7
25.30,7.163,25.94,34.43,26.00,74.48,26.02,118.9,26.03,161.8,26.03,200.3,26.03,233.4,26.04,261.2,26.04,284.3,26.04,303.4,26.04,319.2
25.21,7.161,25.88,34.42,25.95,74.44,25.97,118.8,25.98,161.7,25.98,200.1,25.98,233.1,25.99,260.8,25.99,283.8,25.99,302.9,25.99,318.7
25.11,7.158,25.82,34.40,25.89,74.39,25.91,118.7,25.92,161.5,25.93,199.8,25.93,232.8,25.93,260.4,25.93,283.4,25.93,302.4,25.94,318.2
25.02,7.156,25.76,34.39,25.83,74.35,25.86,118.6,25.87,161.3,25.87,199.6,25.88,232.4,25.88,260.0,25.88,282.9,25.88,301.9,25.88,317.6
24.91,7.154,25.69,34.37,25.77,74.30,25.80,118.5,25.81,161.2,25.81,199.3,25.82,232.1,25.82,259.6,25.82,282.4,25.82,301.3,25.82,317.0
24.81,7.151,25.63,34.36,25.71,74.25,25.73,118.4,25.75,161.0,25.75,199.0,25.76,231.7,25.76,259.1,25.76,281.9,25.76,300.8,25.76,316.4
24.70,7.149,25.55,34.34,25.64,74.19,25.67,118.3,25.68,160.8,25.69,198.8,25.69,231.3,25.69,258.7,25.69,281.4,25.70,300.2,25.70,315.7
24.58,7.146,25.48,34.33,25.57,74.14,25.60,118.2,25.61,160.6,25.62,198.5,25.62,230.9,25.63,258.2,25.63,280.8,25.63,299.6,25.63,315.1
24.46,7.143,25.40,34.31,25.50,74.08,25.53,118.0,25.54,160.3,25.55,198.1,25.55,230.5,25.56,257.7,25.56,280.2,25.56,298.9,25.56,314.4
24.34,7.140,25.32,34.29,25.42,74.02,25.45,117.9,25.47,160.1,25.47,197.8,25.48,230.1,25.48,257.2,25.48,279.6,25.48,298.2,25.49,313.6
24.21,7.137,25.23,34.27,25.34,73.95,25.37,117.8,25.39,159.9,25.40,197.5,25.40,229.6,25.40,256.6,25.41,279.0,25.41,297.5,25.41,312.9
24.07,7.134,25.14,34.25,25.26,73.89,25.29,117.6,25.31,159.6,25.31,197.1,25.32,229.2,25.32,256.1,25.33,278.4,25.33,296.8,25.33,312.1
23.94,7.131,25.05,34.23,25.17,73.82,25.20,117.5,25.22,159.4,25.23,196.7,25.24,228.7,25.24,255.5,25.24,277.7,25.24,296.1,25.24,311.3
23.79,7.128,24.95,34.21,25.08,73.75,25.12,117.3,25.13,159.1,25.14,196.3,25.15,228.2,25.15,254.9,25.15,277.0,25.16,295.3,25.16,310.4
23.65,7.125,24.85,34.18,24.98,73.67,25.02,117.1,25.04,158.8,25.05,196.0,25.06,227.7,25.06,254.3,25.06,276.3,25.07,294.5,25.07,309.6
23.50,7.121,24.75,34.16,24.88,73.59,24.93,117.0,24.95,158.6,24.96,195.5,24.96,227.2,24.97,253.6,24.97,275.5,24.97,293.7,24.97,308.7
23.34,7.118,24.64,34.14,24.78,73.51,24.83,116.8,24.85,158.3,24.86,195.1,24.86,226.6,24.87,253.0,24.87,274.8,24.87,292.8,24.88,307.8
23.18,7.115,24.53,34.11,24.68,73.43,24.72,116.6,24.74,158.0,24.76,194.7,24.76,226.1,24.77,252.3,24.77,274.0,24.77,292.0,24.78,306.8
23.02,7.111,24.41,34.09,24.57,73.35,24.62,116.4,24.64,157.7,24.65,194.3,24.66,225.5,24.66,251.6,24.67,273.3,24.67,291.1,24.67,305.9
22.85,7.108,24.30,34.06,24.46,73.26,24.51,116.3,24.53,157.3,24.54,193.8,24.55,224.9,24.56,250.9,24.56,272.5,24.56,290.2,24.57,305.0
22.68,7.104,24.17,34.03,24.34,73.17,24.39,116.1,24.42,157.0,24.43,193.4,24.44,224.4,24.45,250.2,24.45,271.7,24.45,289.4,24.46,304.0
22.50,7.101,24.05,34.00,24.22,73.08,24.28,115.9,24.30,156.7,24.32,192.9,24.33,223.8,24.33,249.5,24.34,270.9,24.34,288.5,24.34,303.1
22.33,7.097,23.92,33.98,24.10,72.99,24.16,115.7,24.19,156.4,24.20,192.5,24.21,223.2,24.22,248.8,24.22,270.1,24.23,287.6,24.23,302.1
22.14,7.093,23.79,33.95,23.98,72.90,24.04,115.5,24.07,156.1,24.08,192.0,24.09,222.6,24.10,248.1,24.11,269.3,24.11,286.7,24.11,301.2
21.96,7.090,23.66,33.92,23.85,72.81,23.92,115.3,23.95,155.7,23.96,191.5,23.97,222.0,23.98,247.4,23.99,268.5,23.99,285.9,23.99,300.2
21.76,7.086,23.52,33.89,23.72,72.71,23.79,115.1,23.82,155.4,23.84,191.1,23.85,221.4,23.86,246.8,23.86,267.7,23.87,285.0,23.87,299.3
21.57,7.083,23.38,33.86,23.59,72.62,23.66,114.9,23.70,155.1,23.72,190.6,23.73,220.9,23.74,246.1,23.74,266.9,23.75,284.2,23.75,298.4
21.37,7.079,23.24,33.83,23.46,72.53,23.53,114.7,23.57,154.8,23.59,190.2,23.60,220.3,23.61,245.4,23.62,266.2,23.62,283.4,23.63,297.6
21.17,7.076,23.10,33.80,23.32,72.43,23.40,114.5,23.44,154.5,23.46,189.8,23.47,219.8,23.48,244.8,23.49,265.5,23.50,282.6,23.50,296.7
20.96,7.072,22.95,33.77,23.19,72.34,23.27,114.3,23.31,154.2,23.33,189.4,23.35,219.3,23.36,244.2,23.36,264.8,23.37,281.8,23.37,295.9
20.74,7.069,22.81,33.74,23.05,72.25,23.14,114.1,23.18,153.9,23.20,189.0,23.22,218.8,23.23,243.6,23.24,264.2,23.24,281.1,23.25,295.2
20.52,7.065,22.66,33.71,22.91,72.16,23.00,114.0,23.05,153.6,23.07,188.6,23.09,218.3,23.10,243.1,23.11,263.6,23.11,280.5,23.12,294.5
20.30,7.062,22.51,33.68,22.77,72.08,22.87,113.8,22.91,153.4,22.94,188.2,22.96,217.9,22.97,242.6,22.98,263.0,22.99,279.9,22.99,293.9
20.06,7.058,22.36,33.66,22.63,71.99,22.73,113.6,22.78,153.1,22.81,187.9,22.83,217.5,22.84,242.1,22.85,262.5,22.86,279.4,22.86,293.3
19.82,7.054,22.20,33.63,22.49,71.91,22.59,113.5,22.65,152.9,22.68,187.6,22.70,217.1,22.71,241.7,22.72,262.0,22.73,278.9,22.73,292.8
19.58,7.050,22.05,33.60,22.35,71.83,22.46,113.3,22.51,152.6,22.54,187.3,22.56,216.7,22.58,241.3,22.59,261.6,22.60,278.4,22.60,292.4
19.32,7.046,21.89,33.57,22.20,71.75,22.32,113.2,22.37,152.4,22.41,187.0,22.43,216.4,22.45,241.0,22.46,261.3,22.47,278.1,22.47,292.0
19.06,7.042,21.73,33.54,22.06,71.67,22.18,113.0,22.24,152.2,22.27,186.8,22.30,216.2,22.31,240.7,22.33,261.0,22.34,277.8,22.34,291.7
18.79,7.038,21.56,33.51,21.91,71.59,22.03,112.9,22.10,152.0,22.14,186.6,22.16,215.9,22.18,240.4,22.19,260.7,22.21,277.5,22.21,291.5
18.52,7.033,21.39,33.49,21.76,71.52,21.89,112.8,21.96,151.9,22.00,186.4,22.03,215.7,22.05,240.2,22.06,260.5,22.07,277.3,22.08,291.3
18.23,7.028,21.22,33.46,21.60,71.44,21.74,112.6,21.82,151.7,21.86,186.2,21.89,215.5,21.91,240.0,21.93,260.3,21.94,277.2,21.95,291.2
17.94,7.023,21.04,33.43,21.45,71.36,21.60,112.5,21.67,151.5,21.72,186.0,21.75,215.3,21.77,239.8,21.79,260.2,21.80,277.1,21.81,291.1
17.64,7.017,20.86,33.39,21.28,71.29,21.44,112.4,21.52,151.4,21.57,185.8,21.61,215.1,21.63,239.7,21.65,260.1,21.66,277.0,21.67,291.1
17.33,7.011,20.67,33.36,21.12,71.20,21.28,112.3,21.37,151.2,21.42,185.6,21.46,215.0,21.48,239.6,21.50,260.0,21.52,276.9,21.53,291.1
17.01,7.005,20.48,33.32,20.95,71.12,21.12,112.1,21.21,151.0,21.27,185.5,21.31,214.8,21.34,239.4,21.36,259.9,21.37,276.9,21.38,291.1
16.69,6.998,20.27,33.29,20.77,71.02,20.95,112.0,21.05,150.9,21.11,185.3,21.15,214.6,21.18,239.3,21.20,259.8,21.22,276.8,21.23,291.1
16.37,6.990,20.06,33.25,20.58,70.92,20.78,111.8,20.88,150.7,20.95,185.1,20.99,214.4,21.02,239.1,21.04,259.7,21.06,276.8,21.08,291.1
16.04,6.982,19.85,33.20,20.39,70.82,20.60,111.6,20.71,150.4,20.78,184.8,20.82,214.2,20.85,238.9,20.88,259.5,20.90,276.7,20.91,291.0
15.70,6.974,19.62,33.15,20.19,70.70,20.41,111.4,20.53,150.2,20.60,184.5,20.64,213.9,20.68,238.6,20.70,259.3,20.73,276.5,20.74,290.9
15.36,6.965,19.38,33.10,19.98,70.56,20.21,111.2,20.33,149.9,20.41,184.2,20.46,213.6,20.50,238.3,20.52,259.0,20.55,276.2,20.56,290.7
15.02,6.955,19.14,33.05,19.76,70.42,20.01,111.0,20.14,149.6,20.21,183.8,20.27,213.2,20.31,237.9,20.34,258.6,20.36,275.9,20.38,290.4
14.67,6.945,18.88,32.98,19.54,70.25,19.79,110.7,19.93,149.2,20.01,183.4,20.07,212.7,20.11,237.4,20.14,258.1,20.16,275.4,20.18,290.0
14.33,6.934,18.62,32.92,19.30,70.07,19.57,110.4,19.71,148.7,19.80,182.8,19.85,212.1,19.90,236.8,19.93,257.5,19.96,274.8,19.98,289.4
13.98,6.922,18.34,32.84,19.05,69.88,19.33,110.0,19.48,148.2,19.57,182.2,19.63,211.4,19.68,236.1,19.71,256.7,19.74,274.1,19.76,288.7
13.64,6.910,18.06,32.76,18.80,69.66,19.09,109.6,19.24,147.7,19.34,181.5,19.40,210.6,19.45,235.2,19.49,255.8,19.51,273.2,19.54,287.8
13.30,6.897,17.77,32.67,18.53,69.41,18.83,109.2,18.99,147.0,19.09,180.7,19.16,209.7,19.21,234.2,19.25,254.8,19.28,272.1,19.30,286.7
12.96,6.883,17.47,32.58,18.25,69.15,18.57,108.7,18.74,146.3,18.84,179.8,18.91,208.6,18.96,233.0,19.00,253.5,19.03,270.8,19.06,285.3
12.62,6.869,17.16,32.48,17.97,68.86,18.30,108.2,18.47,145.5,18.58,178.8,18.65,207.4,18.71,231.7,18.75,252.1,18.78,269.3,18.80,283.8
12.29,6.854,16.85,32.37,17.68,68.55,18.01,107.6,18.19,144.7,18.31,177.7,18.38,206.1,18.44,230.2,18.48,250.5,18.51,267.6,18.54,282.0
11.96,6.838,16.53,32.25,17.38,68.21,17.72,106.9,17.91,143.7,18.03,176.4,18.11,204.6,18.16,228.5,18.21,248.6,18.24,265.6,18.27,280.0
11.64,6.821,16.20,32.12,17.07,67.84,17.43,106.2,17.62,142.7,17.74,175.0,17.82,202.9,17.88,226.6,17.92,246.6,17.96,263.5,17.99,277.8
11.32,6.804,15.87,31.99,16.76,67.44,17.12,105.5,17.32,141.5,17.44,173.5,17.53,201.1,17.59,224.6,17.63,244.3,17.67,261.1,17.70,275.3
11.01,6.786,15.54,31.85,16.44,67.02,16.81,104.7,17.01,140.3,17.14,171.9,17.23,199.2,17.29,222.3,17.34,241.9,17.37,258.5,17.41,272.5
10.71,6.767,15.20,31.69,16.12,66.57,16.50,103.8,16.70,139.0,16.83,170.2,16.92,197.1,16.99,219.9,17.03,239.2,17.07,255.6,17.10,269.5
10.41,6.748,14.86,31.53,15.79,66.09,16.18,102.9,16.39,137.6,16.52,168.3,16.61,194.8,16.68,217.3,16.73,236.4,16.77,252.5,16.80,266.3
10.12,6.728,14.53,31.36,15.46,65.58,15.85,101.9,16.07,136.1,16.20,166.4,16.29,192.4,16.36,214.6,16.41,233.3,16.45,249.3,16.49,262.8
9.842,6.707,14.19,31.18,15.13,65.04,15.53,100.9,15.74,134.5,15.88,164.3,15.98,189.9,16.05,211.6,16.10,230.1,16.14,245.8,16.17,259.1
9.568,6.685,13.85,31.00,14.80,64.48,15.20,99.80,15.42,132.9,15.56,162.1,15.66,187.2,15.73,208.5,15.78,226.7,15.82,242.1,15.85,255.2
9.301,6.663,13.52,30.80,14.46,63.89,14.87,98.65,15.09,131.1,15.23,159.8,15.33,184.4,15.40,205.3,15.46,223.1,15.50,238.2,15.54,251.1
9.043,6.639,13.19,30.59,14.13,63.27,14.54,97.46,14.77,129.3,14.91,157.3,15.01,181.4,15.08,201.9,15.14,219.3,15.18,234.1,15.22,246.8
8.792,6.615,12.86,30.38,13.80,62.62,14.21,96.22,14.44,127.4,14.59,154.8,14.69,178.4,14.76,198.4,14.82,215.4,14.86,229.9,14.90,242.4
8.548,6.591,12.53,30.16,13.47,61.95,13.89,94.93,14.12,125.5,14.26,152.3,14.36,175.2,14.44,194.8,14.49,211.4,14.54,225.6,14.58,237.8
8.313,6.566,12.21,29.92,13.15,61.25,13.56,93.60,13.79,123.4,13.94,149.6,14.04,172.0,14.12,191.0,14.18,207.2,14.22,221.1,14.26,233.0
8.085,6.539,11.90,29.68,12.83,60.53,13.24,92.22,13.47,121.4,13.62,146.8,13.73,168.7,13.80,187.2,13.86,203.0,13.90,216.5,13.94,228.1
7.864,6.513,11.59,29.44,12.51,59.79,12.93,90.81,13.16,119.2,13.31,144.0,13.41,165.2,13.49,183.3,13.54,198.6,13.59,211.8,13.63,223.1
7.651,6.485,11.29,29.18,12.20,59.02,12.61,89.35,12.84,117.0,12.99,141.2,13.10,161.8,13.17,179.3,13.23,194.2,13.28,207.0,13.32,218.0
7.446,6.457,10.99,28.91,11.90,58.23,12.30,87.87,12.54,114.8,12.69,138.2,12.79,158.2,12.87,175.2,12.93,189.7,12.97,202.1,13.01,212.9
7.247,6.428,10.70,28.64,11.60,57.43,12.00,86.35,12.23,112.5,12.38,135.3,12.49,154.6,12.56,171.1,12.62,185.2,12.67,197.2,12.71,207.6
7.055,6.398,10.42,28.36,11.30,56.60,11.70,84.80,11.94,110.2,12.08,132.3,12.19,151.0,12.27,167.0,12.33,180.6,12.37,192.2,12.41,202.4
6.870,6.368,10.14,28.07,11.01,55.75,11.41,83.23,11.64,107.9,11.79,129.2,11.90,147.4,11.97,162.8,12.03,175.9,12.08,187.3,12.12,197.1
6.691,6.337,9.873,27.78,10.73,54.89,11.13,81.63,11.36,105.6,11.51,126.2,11.61,143.7,11.69,158.6,11.75,171.3,11.79,182.2,11.83,191.7
6.519,6.306,9.612,27.48,10.46,54.02,10.85,80.01,11.08,103.2,11.22,123.1,11.33,140.0,11.41,154.4,11.46,166.7,11.51,177.2,11.55,186.4
6.353,6.273,9.358,27.17,10.19,53.13,10.58,78.38,10.80,100.8,10.95,120.0,11.05,136.3,11.13,150.2,11.19,162.0,11.24,172.2,11.27,181.1
6.193,6.240,9.111,26.86,9.927,52.22,10.31,76.73,10.54,98.40,10.68,116.9,10.78,132.6,10.86,146.0,10.92,157.4,10.97,167.2,11.01,175.8
6.039,6.206,8.872,26.54,9.673,51.31,10.05,75.08,10.27,95.99,10.42,113.8,10.52,129.0,10.60,141.8,10.66,152.8,10.70,162.3,10.74,170.6
5.890,6.172,8.639,26.21,9.426,50.38,9.801,73.41,10.02,93.59,10.16,110.8,10.27,125.3,10.34,137.6,10.40,148.2,10.45,157.4,10.49,165.3
5.746,6.137,8.414,25.88,9.186,49.45,9.556,71.74,9.773,91.18,9.916,107.7,10.02,121.7,10.09,133.5,10.15,143.7,10.20,152.5,10.24,160.2
5.608,6.101,8.196,25.54,8.953,48.51,9.318,70.07,9.533,88.79,9.675,104.6,9.775,118.1,9.850,129.4,9.909,139.2,9.955,147.6,9.993,155.0
5.475,6.065,7.985,25.20,8.727,47.56,9.086,68.39,9.299,86.40,9.440,101.6,9.539,114.5,9.614,125.4,9.672,134.8,9.718,142.9,9.756,150.0
5.346,6.028,7.781,24.86,8.508,46.61,8.862,66.72,9.072,84.03,9.211,98.63,9.310,110.9,9.384,121.4,9.442,130.4,9.488,138.2,9.525,145.0
5.222,5.990,7.584,24.51,8.295,45.66,8.644,65.05,8.851,81.67,8.989,95.66,9.087,107.5,9.161,117.5,9.218,126.1,9.264,133.5,9.301,140.1
5.103,5.952,7.393,24.15,8.089,44.70,8.432,63.39,8.637,79.34,8.774,92.73,8.871,104.0,8.944,113.6,9.001,121.8,9.046,129.0,9.083,135.3
4.988,5.913,7.209,23.79,7.890,43.74,8.227,61.74,8.430,77.03,8.565,89.84,8.661,100.6,8.734,109.8,8.790,117.7,8.835,124.5,8.872,130.5
4.877,5.873,7.030,23.43,7.697,42.78,8.029,60.10,8.229,74.74,8.362,86.99,8.458,97.29,8.529,106.0,8.585,113.6,8.630,120.1,8.667,125.9
4.769,5.832,6.858,23.07,7.510,41.82,7.837,58.47,8.034,72.48,8.166,84.18,8.260,94.01,8.331,102.4,8.387,109.6,8.431,115.8,8.467,121.3
4.666,5.791,6.692,22.70,7.330,40.86,7.651,56.85,7.845,70.25,7.975,81.41,8.069,90.79,8.139,98.76,8.194,105.6,8.238,111.6,8.274,116.9
4.566,5.749,6.531,22.33,7.155,39.90,7.470,55.25,7.662,68.05,7.791,78.70,7.883,87.63,7.953,95.23,8.007,101.8,8.051,107.5,8.087,112.5
4.469,5.707,6.376,21.96,6.986,38.95,7.296,53.67,7.485,65.89,7.612,76.03,7.703,84.54,7.772,91.77,7.826,98.00,7.870,103.4,7.905,108.3
4.376,5.664,6.226,21.59,6.822,38.01,7.127,52.11,7.313,63.76,7.439,73.42,7.529,81.51,7.598,88.39,7.651,94.32,7.694,99.51,7.729,104.1
4.286,5.620,6.081,21.21,6.664,37.06,6.963,50.56,7.147,61.67,7.271,70.85,7.360,78.55,7.428,85.09,7.481,90.73,7.524,95.67,7.559,100.0
4.199,5.576,5.941,20.84,6.511,36.13,6.805,49.04,6.986,59.62,7.108,68.35,7.197,75.65,7.264,81.87,7.316,87.23,7.359,91.92,7.393,96.08
4.115,5.530,5.806,20.46,6.363,35.20,6.652,47.54,6.830,57.61,6.951,65.89,7.039,72.82,7.105,78.72,7.157,83.82,7.199,88.28,7.233,92.22
4.034,5.485,5.675,20.08,6.221,34.28,6.504,46.06,6.679,55.63,6.799,63.49,6.885,70.07,6.951,75.66,7.002,80.49,7.044,84.72,7.078,88.47
3.955,5.438,5.549,19.70,6.082,33.37,6.361,44.61,6.534,53.70,6.651,61.15,6.737,67.38,6.801,72.68,6.852,77.26,6.893,81.27,6.927,84.83
3.879,5.391,5.427,19.32,5.949,32.47,6.222,43.18,6.392,51.81,6.508,58.86,6.593,64.76,6.657,69.78,6.707,74.11,6.748,77.91,6.781,81.29
3.805,5.343,5.309,18.94,5.819,31.57,6.088,41.78,6.255,49.95,6.370,56.64,6.453,62.21,6.517,66.95,6.567,71.06,6.607,74.65,6.640,77.85
3.734,5.294,5.196,18.56,5.694,30.69,5.958,40.40,6.123,48.15,6.236,54.46,6.318,59.73,6.381,64.21,6.430,68.09,6.470,71.49,6.503,74.51
3.665,5.245,5.086,18.18,5.573,29.82,5.832,39.05,5.995,46.38,6.106,52.35,6.187,57.32,6.249,61.55,6.298,65.21,6.338,68.42,6.370,71.27
3.598,5.195,4.979,17.81,5.456,28.96,5.710,37.73,5.870,44.66,5.980,50.29,6.061,54.98,6.122,58.97,6.170,62.42,6.209,65.45,6.242,68.14
3.533,5.145,4.876,17.43,5.343,28.11,5.593,36.43,5.750,42.98,5.858,48.29,5.938,52.71,5.998,56.46,6.046,59.71,6.085,62.57,6.117,65.10
3.470,5.093,4.777,17.05,5.233,27.28,5.478,35.16,5.633,41.34,5.740,46.34,5.819,50.50,5.878,54.03,5.926,57.09,5.964,59.78,5.996,62.17
3.409,5.041,4.680,16.68,5.126,26.46,5.368,33.92,5.520,39.75,5.626,44.46,5.703,48.36,5.762,51.68,5.809,54.56,5.847,57.08,5.878,59.33
3.350,4.988,4.587,16.31,5.024,25.65,5.260,32.71,5.411,38.20,5.515,42.62,5.591,46.29,5.650,49.41,5.696,52.11,5.733,54.48,5.764,56.58
3.292,4.935,4.496,15.93,4.924,24.85,5.156,31.53,5.304,36.70,5.407,40.85,5.482,44.29,5.540,47.21,5.586,49.74,5.623,51.96,5.654,53.94
3.236,4.881,4.409,15.57,4.827,24.07,5.056,30.38,5.201,35.23,5.302,39.13,5.377,42.35,5.434,45.09,5.479,47.46,5.516,49.54,5.546,51.38
3.182,4.826,4.324,15.20,4.733,23.30,4.958,29.25,5.101,33.81,5.201,37.46,5.274,40.48,5.331,43.04,5.376,45.25,5.412,47.20,5.442,48.92
3.129,4.771,4.242,14.84,4.642,22.55,4.863,28.16,5.004,32.43,5.102,35.84,5.175,38.67,5.231,41.06,5.275,43.13,5.311,44.94,5.341,46.55
3.078,4.715,4.162,14.47,4.554,21.81,4.771,27.09,4.910,31.09,5.007,34.28,5.078,36.92,5.134,39.15,5.177,41.08,5.213,42.77,5.242,44.27
3.028,4.658,4.085,14.12,4.469,21.09,4.681,26.05,4.818,29.80,4.914,32.78,4.985,35.23,5.039,37.31,5.082,39.11,5.118,40.68,5.147,42.08
2.979,4.600,4.010,13.76,4.386,20.38,4.595,25.04,4.729,28.55,4.824,31.32,4.893,33.61,4.947,35.54,4.990,37.21,5.025,38.68,5.054,39.98
2.932,4.542,3.937,13.41,4.305,19.68,4.510,24.06,4.643,27.33,4.736,29.92,4.805,32.04,4.858,33.84,4.900,35.39,4.935,36.75,4.963,37.96
2.886,4.484,3.866,13.06,4.227,19.01,4.428,23.11,4.559,26.16,4.650,28.56,4.718,30.54,4.771,32.20,4.813,33.64,4.847,34.90,4.875,36.02
2.841,4.425,3.797,12.72,4.151,18.34,4.349,22.18,4.477,25.02,4.567,27.26,4.634,29.09,4.686,30.63,4.728,31.96,4.761,33.13,4.789,34.16
2.797,4.365,3.731,12.38,4.077,17.70,4.271,21.29,4.397,23.93,4.486,26.00,4.553,27.70,4.604,29.13,4.645,30.36,4.678,31.43,4.706,32.38
2.754,4.304,3.666,12.04,4.005,17.06,4.196,20.42,4.320,22.87,4.408,24.79,4.473,26.36,4.524,27.68,4.564,28.81,4.597,29.81,4.625,30.69
2.713,4.244,3.602,11.71,3.934,16.45,4.122,19.58,4.245,21.86,4.331,23.63,4.396,25.08,4.446,26.29,4.485,27.34,4.518,28.25,4.545,29.06
2.672,4.182,3.541,11.38,3.866,15.85,4.051,18.77,4.171,20.88,4.256,22.51,4.320,23.85,4.369,24.97,4.409,25.93,4.441,26.77,4.468,27.51
2.632,4.120,3.481,11.05,3.800,15.27,3.981,17.98,4.100,19.93,4.184,21.44,4.246,22.67,4.295,23.70,4.334,24.58,4.366,25.35,4.392,26.03
2.593,4.058,3.423,10.74,3.735,14.70,3.913,17.22,4.030,19.02,4.113,20.42,4.174,21.54,4.222,22.49,4.261,23.30,4.292,24.00,4.319,24.63
2.555,3.995,3.366,10.42,3.672,14.15,3.847,16.49,3.962,18.15,4.043,19.43,4.104,20.47,4.152,21.33,4.190,22.07,4.221,22.72,4.247,23.29
2.518,3.932,3.311,10.11,3.611,13.61,3.782,15.78,3.895,17.31,3.976,18.49,4.036,19.44,4.082,20.23,4.120,20.91,4.151,21.50,4.176,22.01
2.482,3.868,3.257,9.810,3.551,13.09,3.719,15.10,3.830,16.51,3.909,17.59,3.969,18.45,4.015,19.18,4.052,19.80,4.082,20.33,4.107,20.81
2.446,3.804,3.204,9.512,3.492,12.58,3.658,14.44,3.767,15.74,3.845,16.72,3.903,17.52,3.949,18.18,3.985,18.74,4.015,19.23,4.040,19.66
2.412,3.740,3.153,9.220,3.435,12.09,3.598,13.81,3.705,15.00,3.782,15.90,3.839,16.62,3.884,17.22,3.920,17.74,3.950,18.18,3.974,18.57
2.378,3.676,3.103,8.933,3.379,11.62,3.539,13.20,3.645,14.29,3.720,15.11,3.777,15.77,3.821,16.32,3.856,16.78,3.886,17.19,3.910,17.54
2.344,3.611,3.054,8.651,3.325,11.16,3.482,12.62,3.585,13.61,3.660,14.36,3.715,14.96,3.759,15.46,3.794,15.88,3.823,16.25,3.847,16.57
2.311,3.546,3.006,8.376,3.272,10.72,3.425,12.06,3.527,12.97,3.600,13.65,3.655,14.19,3.698,14.64,3.733,15.03,3.761,15.36,3.785,15.64
2.279,3.481,2.959,8.106,3.220,10.29,3.371,11.52,3.471,12.35,3.543,12.97,3.597,13.46,3.639,13.87,3.673,14.22,3.701,14.51,3.724,14.77
2.248,3.416,2.914,7.843,3.169,9.873,3.317,11.00,3.415,11.76,3.486,12.32,3.539,12.77,3.581,13.14,3.614,13.45,3.642,13.72,3.665,13.95
2.217,3.351,2.869,7.586,3.119,9.474,3.264,10.51,3.361,11.20,3.430,11.71,3.483,12.11,3.524,12.45,3.557,12.73,3.584,12.97,3.607,13.18
2.187,3.286,2.825,7.334,3.070,9.088,3.213,10.04,3.308,10.66,3.376,11.12,3.427,11.49,3.468,11.79,3.500,12.04,3.527,12.26,3.549,12.45
2.157,3.222,2.783,7.089,3.022,8.717,3.162,9.585,3.255,10.15,3.323,10.57,3.373,10.90,3.413,11.17,3.445,11.40,3.471,11.59,3.493,11.77
2.128,3.157,2.741,6.850,2.975,8.360,3.113,9.153,3.204,9.667,3.270,10.04,3.320,10.34,3.359,10.59,3.391,10.79,3.417,10.97,3.438,11.12
2.099,3.093,2.699,6.618,2.930,8.017,3.064,8.740,3.154,9.206,3.219,9.546,3.268,9.814,3.306,10.03,3.337,10.22,3.363,10.38,3.384,10.52
2.071,3.029,2.659,6.392,2.885,7.687,3.017,8.346,3.105,8.767,3.168,9.075,3.217,9.316,3.254,9.513,3.285,9.680,3.310,9.823,3.331,9.948
2.043,2.965,2.620,6.172,2.841,7.370,2.970,7.970,3.056,8.351,3.119,8.628,3.166,8.845,3.204,9.023,3.234,9.173,3.258,9.302,3.279,9.414
2.016,2.902,2.581,5.958,2.797,7.066,2.924,7.612,3.009,7.956,3.070,8.206,3.117,8.402,3.154,8.562,3.183,8.697,3.207,8.813,3.228,8.913
1.989,2.839,2.543,5.751,2.755,6.775,2.879,7.271,2.963,7.582,3.023,7.807,3.069,7.983,3.104,8.127,3.134,8.249,3.157,8.353,3.178,8.444
1.962,2.776,2.506,5.551,2.713,6.496,2.835,6.947,2.917,7.227,2.976,7.430,3.021,7.589,3.056,7.719,3.085,7.828,3.108,7.923,3.128,8.005
1.936,2.715,2.469,5.356,2.672,6.229,2.792,6.638,2.872,6.892,2.930,7.074,2.974,7.217,3.009,7.335,3.037,7.434,3.060,7.519,3.080,7.593
1.911,2.654,2.433,5.168,2.632,5.973,2.749,6.345,2.828,6.574,2.885,6.739,2.928,6.868,2.963,6.974,2.990,7.063,3.013,7.140,3.032,7.207
1.885,2.593,2.398,4.986,2.593,5.729,2.708,6.066,2.785,6.273,2.841,6.422,2.883,6.539,2.917,6.635,2.944,6.716,2.967,6.786,2.986,6.846
1.861,2.534,2.364,4.810,2.554,5.495,2.667,5.802,2.742,5.989,2.797,6.124,2.839,6.229,2.872,6.316,2.899,6.390,2.921,6.453,2.940,6.509
1.836,2.475,2.330,4.640,2.517,5.272,2.627,5.551,2.701,5.720,2.755,5.842,2.796,5.938,2.828,6.018,2.855,6.085,2.877,6.142,2.895,6.193
1.812,2.417,2.296,4.477,2.479,5.059,2.587,5.313,2.660,5.467,2.713,5.577,2.754,5.665,2.785,5.737,2.811,5.798,2.833,5.851,2.851,5.897
1.789,2.360,2.264,4.319,2.443,4.857,2.549,5.088,2.620,5.227,2.672,5.328,2.712,5.408,2.743,5.474,2.769,5.530,2.790,5.578,2.808,5.621
1.765,2.304,2.231,4.167,2.407,4.664,2.511,4.874,2.581,5.001,2.632,5.093,2.671,5.166,2.702,5.227,2.727,5.278,2.748,5.323,2.765,5.362
1.743,2.249,2.200,4.021,2.372,4.480,2.474,4.672,2.542,4.788,2.593,4.872,2.631,4.939,2.662,4.995,2.686,5.043,2.707,5.084,2.724,5.120
1.720,2.195,2.169,3.881,2.337,4.304,2.437,4.480,2.505,4.586,2.554,4.664,2.592,4.726,2.622,4.778,2.646,4.822,2.666,4.860,2.683,4.893
1.698,2.143,2.138,3.746,2.304,4.138,2.401,4.299,2.468,4.396,2.516,4.468,2.554,4.526,2.583,4.574,2.607,4.615,2.627,4.650,2.644,4.682
1.676,2.091,2.109,3.616,2.270,3.979,2.366,4.127,2.432,4.217,2.479,4.284,2.516,4.337,2.545,4.382,2.569,4.421,2.588,4.454,2.605,4.483
1.655,2.041,2.079,3.492,2.238,3.829,2.332,3.965,2.396,4.048,2.443,4.110,2.479,4.160,2.508,4.202,2.531,4.238,2.551,4.270,2.567,4.297
1.634,1.991,2.050,3.373,2.206,3.686,2.298,3.812,2.362,3.889,2.408,3.947,2.443,3.994,2.472,4.034,2.495,4.068,2.514,4.097,2.530,4.123
1.613,1.943,2.022,3.259,2.175,3.550,2.266,3.667,2.328,3.739,2.373,3.794,2.408,3.838,2.436,3.875,2.459,3.908,2.478,3.936,2.494,3.960
