bsim4 ,waveVsWave(?x (OP("/M0" "gm") / OP("/M0" "ids")) ?y (OP("/M0" "ids") / pv("top-level" "w" ?resultsDir "/home/vlsiuser22/simulation/nmos_plotshp/spectre/schematic" ?result "designParamVals"))) l 4.5e-08 ,bsim4 ,waveVsWave(?x (OP("/M0" "gm") / OP("/M0" "ids")) ?y (OP("/M0" "ids") / pv("top-level" "w" ?resultsDir "/home/vlsiuser22/simulation/nmos_plotshp/spectre/schematic" ?result "designParamVals"))) l 6.75e-08 ,bsim4 ,waveVsWave(?x (OP("/M0" "gm") / OP("/M0" "ids")) ?y (OP("/M0" "ids") / pv("top-level" "w" ?resultsDir "/home/vlsiuser22/simulation/nmos_plotshp/spectre/schematic" ?result "designParamVals"))) l 9e-08 ,bsim4 ,waveVsWave(?x (OP("/M0" "gm") / OP("/M0" "ids")) ?y (OP("/M0" "ids") / pv("top-level" "w" ?resultsDir "/home/vlsiuser22/simulation/nmos_plotshp/spectre/schematic" ?result "designParamVals"))) l 1.125e-07 ,bsim4 ,waveVsWave(?x (OP("/M0" "gm") / OP("/M0" "ids")) ?y (OP("/M0" "ids") / pv("top-level" "w" ?resultsDir "/home/vlsiuser22/simulation/nmos_plotshp/spectre/schematic" ?result "designParamVals"))) l 1.35e-07 ,bsim4 ,waveVsWave(?x (OP("/M0" "gm") / OP("/M0" "ids")) ?y (OP("/M0" "ids") / pv("top-level" "w" ?resultsDir "/home/vlsiuser22/simulation/nmos_plotshp/spectre/schematic" ?result "designParamVals"))) l 1.575e-07 ,bsim4 ,waveVsWave(?x (OP("/M0" "gm") / OP("/M0" "ids")) ?y (OP("/M0" "ids") / pv("top-level" "w" ?resultsDir "/home/vlsiuser22/simulation/nmos_plotshp/spectre/schematic" ?result "designParamVals"))) l 1.8e-07 ,bsim4 ,waveVsWave(?x (OP("/M0" "gm") / OP("/M0" "ids")) ?y (OP("/M0" "ids") / pv("top-level" "w" ?resultsDir "/home/vlsiuser22/simulation/nmos_plotshp/spectre/schematic" ?result "designParamVals"))) l 2.025e-07 ,bsim4 ,waveVsWave(?x (OP("/M0" "gm") / OP("/M0" "ids")) ?y (OP("/M0" "ids") / pv("top-level" "w" ?resultsDir "/home/vlsiuser22/simulation/nmos_plotshp/spectre/schematic" ?result "designParamVals"))) l 2.25e-07 ,bsim4 ,waveVsWave(?x (OP("/M0" "gm") / OP("/M0" "ids")) ?y (OP("/M0" "ids") / pv("top-level" "w" ?resultsDir "/home/vlsiuser22/simulation/nmos_plotshp/spectre/schematic" ?result "designParamVals"))) l 2.475e-07 ,bsim4 ,waveVsWave(?x (OP("/M0" "gm") / OP("/M0" "ids")) ?y (OP("/M0" "ids") / pv("top-level" "w" ?resultsDir "/home/vlsiuser22/simulation/nmos_plotshp/spectre/schematic" ?result "designParamVals"))) l 2.7e-07 
26.69,2.329E-3,26.76,300.7E-6,26.77,163.6E-6,26.77,114.0E-6,26.77,87.86E-6,26.77,71.62E-6,26.77,60.50E-6,26.77,52.40E-6,26.77,46.23E-6,26.77,41.36E-6,26.77,37.43E-6
26.68,2.660E-3,26.76,343.6E-6,26.76,187.0E-6,26.77,130.3E-6,26.77,100.4E-6,26.77,81.86E-6,26.77,69.16E-6,26.77,59.90E-6,26.77,52.84E-6,26.77,47.28E-6,26.77,42.78E-6
26.67,3.038E-3,26.75,392.6E-6,26.76,213.7E-6,26.76,148.9E-6,26.76,114.8E-6,26.76,93.57E-6,26.76,79.05E-6,26.76,68.47E-6,26.76,60.40E-6,26.76,54.04E-6,26.76,48.91E-6
26.66,3.470E-3,26.74,448.7E-6,26.75,244.3E-6,26.75,170.2E-6,26.75,131.2E-6,26.76,107.0E-6,26.76,90.36E-6,26.76,78.26E-6,26.76,69.04E-6,26.76,61.78E-6,26.76,55.90E-6
26.65,3.963E-3,26.74,512.7E-6,26.74,279.2E-6,26.75,194.5E-6,26.75,149.9E-6,26.75,122.2E-6,26.75,103.3E-6,26.75,89.45E-6,26.75,78.92E-6,26.75,70.61E-6,26.75,63.90E-6
26.63,4.525E-3,26.73,585.8E-6,26.74,319.0E-6,26.74,222.3E-6,26.74,171.4E-6,26.74,139.7E-6,26.74,118.0E-6,26.74,102.2E-6,26.74,90.20E-6,26.74,80.71E-6,26.74,73.03E-6
26.62,5.168E-3,26.72,669.4E-6,26.73,364.6E-6,26.73,254.0E-6,26.73,195.9E-6,26.73,159.7E-6,26.73,134.9E-6,26.74,116.9E-6,26.74,103.1E-6,26.74,92.25E-6,26.74,83.48E-6
26.60,5.900E-3,26.71,764.8E-6,26.72,416.6E-6,26.72,290.3E-6,26.73,223.8E-6,26.73,182.5E-6,26.73,154.2E-6,26.73,133.6E-6,26.73,117.8E-6,26.73,105.4E-6,26.73,95.41E-6
26.59,6.737E-3,26.70,873.8E-6,26.71,476.0E-6,26.72,331.7E-6,26.72,255.8E-6,26.72,208.6E-6,26.72,176.2E-6,26.72,152.6E-6,26.72,134.7E-6,26.72,120.5E-6,26.72,109.0E-6
26.57,7.691E-3,26.69,998.4E-6,26.70,543.9E-6,26.71,379.1E-6,26.71,292.3E-6,26.71,238.3E-6,26.71,201.4E-6,26.71,174.4E-6,26.71,153.9E-6,26.71,137.7E-6,26.71,124.6E-6
26.55,8.780E-3,26.68,1.141E-3,26.69,621.5E-6,26.70,433.1E-6,26.70,334.0E-6,26.70,272.3E-6,26.70,230.1E-6,26.70,199.3E-6,26.70,175.9E-6,26.70,157.4E-6,26.70,142.4E-6
26.53,10.02E-3,26.67,1.303E-3,26.68,710.1E-6,26.69,494.9E-6,26.69,381.6E-6,26.69,311.2E-6,26.69,262.9E-6,26.69,227.8E-6,26.69,201.0E-6,26.69,179.8E-6,26.69,162.7E-6
26.51,11.44E-3,26.66,1.488E-3,26.67,811.3E-6,26.68,565.5E-6,26.68,436.1E-6,26.68,355.6E-6,26.68,300.5E-6,26.68,260.3E-6,26.68,229.6E-6,26.68,205.5E-6,26.68,185.9E-6
26.49,13.05E-3,26.65,1.700E-3,26.66,926.8E-6,26.67,646.0E-6,26.67,498.2E-6,26.67,406.3E-6,26.67,343.3E-6,26.67,297.4E-6,26.67,262.4E-6,26.67,234.8E-6,26.67,212.5E-6
26.46,14.90E-3,26.63,1.942E-3,26.65,1.059E-3,26.65,738.0E-6,26.65,569.2E-6,26.66,464.1E-6,26.66,392.2E-6,26.66,339.7E-6,26.66,299.8E-6,26.66,268.2E-6,26.66,242.7E-6
26.44,17.00E-3,26.62,2.218E-3,26.63,1.209E-3,26.64,843.1E-6,26.64,650.2E-6,26.64,530.3E-6,26.64,448.1E-6,26.64,388.1E-6,26.64,342.5E-6,26.64,306.5E-6,26.64,277.3E-6
26.41,19.39E-3,26.60,2.533E-3,26.62,1.381E-3,26.63,963.1E-6,26.63,742.8E-6,26.63,605.7E-6,26.63,511.9E-6,26.63,443.4E-6,26.63,391.2E-6,26.63,350.1E-6,26.63,316.8E-6
26.38,22.12E-3,26.59,2.893E-3,26.61,1.578E-3,26.61,1.100E-3,26.61,848.5E-6,26.61,691.9E-6,26.62,584.7E-6,26.62,506.5E-6,26.62,446.9E-6,26.62,399.9E-6,26.62,361.9E-6
26.35,25.23E-3,26.57,3.303E-3,26.59,1.802E-3,26.59,1.256E-3,26.60,969.1E-6,26.60,790.3E-6,26.60,667.8E-6,26.60,578.5E-6,26.60,510.5E-6,26.60,456.8E-6,26.60,413.4E-6
26.32,28.78E-3,26.55,3.772E-3,26.57,2.058E-3,26.58,1.435E-3,26.58,1.107E-3,26.58,902.6E-6,26.58,762.8E-6,26.58,660.8E-6,26.58,583.0E-6,26.58,521.7E-6,26.58,472.2E-6
26.29,32.81E-3,26.53,4.306E-3,26.55,2.350E-3,26.56,1.638E-3,26.56,1.264E-3,26.56,1.031E-3,26.57,871.1E-6,26.57,754.6E-6,26.57,665.8E-6,26.57,595.8E-6,26.57,539.2E-6
26.25,37.41E-3,26.51,4.916E-3,26.53,2.683E-3,26.54,1.871E-3,26.54,1.443E-3,26.55,1.177E-3,26.55,994.7E-6,26.55,861.7E-6,26.55,760.3E-6,26.55,680.4E-6,26.55,615.8E-6
26.21,42.64E-3,26.49,5.611E-3,26.51,3.063E-3,26.52,2.136E-3,26.52,1.648E-3,26.53,1.344E-3,26.53,1.136E-3,26.53,983.9E-6,26.53,868.2E-6,26.53,776.9E-6,26.53,703.1E-6
26.17,48.59E-3,26.46,6.404E-3,26.49,3.496E-3,26.50,2.439E-3,26.50,1.881E-3,26.50,1.534E-3,26.51,1.297E-3,26.51,1.123E-3,26.51,991.2E-6,26.51,887.1E-6,26.51,802.8E-6
26.13,55.36E-3,26.44,7.308E-3,26.47,3.991E-3,26.48,2.784E-3,26.48,2.148E-3,26.48,1.752E-3,26.48,1.480E-3,26.48,1.282E-3,26.48,1.132E-3,26.49,1.013E-3,26.49,916.5E-6
26.08,63.07E-3,26.41,8.339E-3,26.44,4.554E-3,26.45,3.177E-3,26.46,2.451E-3,26.46,1.999E-3,26.46,1.690E-3,26.46,1.464E-3,26.46,1.292E-3,26.46,1.156E-3,26.46,1.046E-3
26.04,71.83E-3,26.38,9.514E-3,26.42,5.197E-3,26.43,3.626E-3,26.43,2.797E-3,26.43,2.282E-3,26.43,1.928E-3,26.44,1.671E-3,26.44,1.474E-3,26.44,1.319E-3,26.44,1.194E-3
25.99,81.79E-3,26.35,10.85E-3,26.39,5.930E-3,26.40,4.137E-3,26.40,3.192E-3,26.41,2.604E-3,26.41,2.201E-3,26.41,1.907E-3,26.41,1.682E-3,26.41,1.506E-3,26.41,1.363E-3
25.93,93.10E-3,26.32,12.38E-3,26.36,6.765E-3,26.37,4.720E-3,26.37,3.642E-3,26.38,2.971E-3,26.38,2.511E-3,26.38,2.175E-3,26.38,1.920E-3,26.38,1.718E-3,26.38,1.555E-3
25.88,106.0E-3,26.29,14.12E-3,26.33,7.717E-3,26.34,5.385E-3,26.34,4.155E-3,26.35,3.389E-3,26.35,2.865E-3,26.35,2.482E-3,26.35,2.190E-3,26.35,1.960E-3,26.35,1.774E-3
25.82,120.5E-3,26.25,16.10E-3,26.29,8.801E-3,26.31,6.142E-3,26.31,4.739E-3,26.32,3.866E-3,26.32,3.268E-3,26.32,2.831E-3,26.32,2.498E-3,26.32,2.236E-3,26.32,2.023E-3
25.75,137.1E-3,26.21,18.35E-3,26.26,10.04E-3,26.27,7.004E-3,26.28,5.405E-3,26.28,4.409E-3,26.28,3.727E-3,26.28,3.229E-3,26.28,2.849E-3,26.29,2.550E-3,26.29,2.308E-3
25.69,155.9E-3,26.17,20.92E-3,26.22,11.44E-3,26.24,7.986E-3,26.24,6.163E-3,26.24,5.027E-3,26.25,4.249E-3,26.25,3.682E-3,26.25,3.249E-3,26.25,2.908E-3,26.25,2.632E-3
25.62,177.2E-3,26.13,23.83E-3,26.18,13.04E-3,26.20,9.103E-3,26.20,7.026E-3,26.21,5.732E-3,26.21,4.845E-3,26.21,4.198E-3,26.21,3.704E-3,26.21,3.315E-3,26.21,3.000E-3
25.54,201.3E-3,26.09,27.15E-3,26.14,14.86E-3,26.16,10.38E-3,26.16,8.008E-3,26.17,6.533E-3,26.17,5.522E-3,26.17,4.785E-3,26.17,4.222E-3,26.17,3.779E-3,26.17,3.420E-3
25.46,228.7E-3,26.04,30.93E-3,26.09,16.93E-3,26.11,11.82E-3,26.12,9.125E-3,26.12,7.445E-3,26.13,6.293E-3,26.13,5.453E-3,26.13,4.812E-3,26.13,4.306E-3,26.13,3.898E-3
25.38,259.6E-3,25.99,35.22E-3,26.05,19.29E-3,26.07,13.47E-3,26.07,10.40E-3,26.08,8.482E-3,26.08,7.170E-3,26.08,6.213E-3,26.08,5.482E-3,26.08,4.907E-3,26.08,4.441E-3
25.30,294.6E-3,25.94,40.10E-3,26.00,21.97E-3,26.02,15.34E-3,26.03,11.84E-3,26.03,9.662E-3,26.03,8.167E-3,26.04,7.077E-3,26.04,6.245E-3,26.04,5.589E-3,26.04,5.059E-3
25.21,334.2E-3,25.88,45.64E-3,25.95,25.01E-3,25.97,17.47E-3,25.98,13.49E-3,25.98,11.00E-3,25.98,9.301E-3,25.99,8.059E-3,25.99,7.112E-3,25.99,6.365E-3,25.99,5.761E-3
25.11,378.9E-3,25.82,51.93E-3,25.89,28.47E-3,25.91,19.89E-3,25.92,15.35E-3,25.93,12.53E-3,25.93,10.59E-3,25.93,9.176E-3,25.93,8.098E-3,25.93,7.247E-3,25.94,6.560E-3
25.02,429.5E-3,25.76,59.07E-3,25.83,32.40E-3,25.86,22.63E-3,25.87,17.47E-3,25.87,14.26E-3,25.88,12.05E-3,25.88,10.44E-3,25.88,9.217E-3,25.88,8.250E-3,25.88,7.467E-3
24.91,486.5E-3,25.69,67.17E-3,25.77,36.86E-3,25.80,25.75E-3,25.81,19.88E-3,25.81,16.22E-3,25.82,13.72E-3,25.82,11.89E-3,25.82,10.49E-3,25.82,9.387E-3,25.82,8.497E-3
24.81,550.8E-3,25.63,76.36E-3,25.71,41.92E-3,25.73,29.29E-3,25.75,22.62E-3,25.75,18.46E-3,25.76,15.60E-3,25.76,13.52E-3,25.76,11.93E-3,25.76,10.68E-3,25.76,9.666E-3
24.70,623.3E-3,25.55,86.77E-3,25.64,47.65E-3,25.67,33.30E-3,25.68,25.72E-3,25.69,20.99E-3,25.69,17.74E-3,25.69,15.38E-3,25.69,13.57E-3,25.70,12.14E-3,25.70,10.99E-3
24.58,704.9E-3,25.48,98.57E-3,25.57,54.16E-3,25.60,37.86E-3,25.61,29.24E-3,25.62,23.86E-3,25.62,20.17E-3,25.63,17.48E-3,25.63,15.43E-3,25.63,13.81E-3,25.63,12.50E-3
24.46,796.7E-3,25.40,111.9E-3,25.50,61.53E-3,25.53,43.01E-3,25.54,33.22E-3,25.55,27.11E-3,25.55,22.92E-3,25.56,19.87E-3,25.56,17.53E-3,25.56,15.69E-3,25.56,14.20E-3
24.34,899.9E-3,25.32,127.0E-3,25.42,69.87E-3,25.45,48.86E-3,25.47,37.74E-3,25.47,30.80E-3,25.48,26.04E-3,25.48,22.57E-3,25.48,19.92E-3,25.48,17.83E-3,25.49,16.14E-3
24.21,1.016,25.23,144.1E-3,25.34,79.32E-3,25.37,55.47E-3,25.39,42.85E-3,25.40,34.98E-3,25.40,29.57E-3,25.40,25.63E-3,25.41,22.62E-3,25.41,20.25E-3,25.41,18.32E-3
24.07,1.146,25.14,163.5E-3,25.26,90.01E-3,25.29,62.96E-3,25.31,48.64E-3,25.31,39.70E-3,25.32,33.57E-3,25.32,29.09E-3,25.33,25.68E-3,25.33,22.98E-3,25.33,20.80E-3
23.94,1.292,25.05,185.3E-3,25.17,102.1E-3,25.20,71.43E-3,25.22,55.19E-3,25.23,45.05E-3,25.24,38.09E-3,25.24,33.01E-3,25.24,29.14E-3,25.24,26.08E-3,25.24,23.61E-3
23.79,1.456,24.95,210.0E-3,25.08,115.8E-3,25.12,81.00E-3,25.13,62.59E-3,25.14,51.09E-3,25.15,43.20E-3,25.15,37.44E-3,25.15,33.05E-3,25.16,29.58E-3,25.16,26.77E-3
23.65,1.639,24.85,237.8E-3,24.98,131.2E-3,25.02,91.81E-3,25.04,70.95E-3,25.05,57.92E-3,25.06,48.98E-3,25.06,42.45E-3,25.06,37.47E-3,25.07,33.54E-3,25.07,30.36E-3
23.50,1.843,24.75,269.2E-3,24.88,148.6E-3,24.93,104.0E-3,24.95,80.39E-3,24.96,65.63E-3,24.96,55.50E-3,24.97,48.10E-3,24.97,42.46E-3,24.97,38.00E-3,24.97,34.40E-3
23.34,2.072,24.64,304.5E-3,24.78,168.2E-3,24.83,117.8E-3,24.85,91.04E-3,24.86,74.33E-3,24.86,62.86E-3,24.87,54.48E-3,24.87,48.09E-3,24.87,43.05E-3,24.88,38.97E-3
23.18,2.327,24.53,344.3E-3,24.68,190.3E-3,24.72,133.3E-3,24.74,103.1E-3,24.76,84.14E-3,24.76,71.16E-3,24.77,61.68E-3,24.77,54.44E-3,24.77,48.73E-3,24.78,44.11E-3
23.02,2.612,24.41,389.1E-3,24.57,215.3E-3,24.62,150.8E-3,24.64,116.6E-3,24.65,95.20E-3,24.66,80.52E-3,24.66,69.79E-3,24.67,61.60E-3,24.67,55.15E-3,24.67,49.92E-3
22.85,2.929,24.30,439.4E-3,24.46,243.3E-3,24.51,170.5E-3,24.53,131.8E-3,24.54,107.7E-3,24.55,91.06E-3,24.56,78.93E-3,24.56,69.67E-3,24.56,62.37E-3,24.57,56.46E-3
22.68,3.282,24.17,496.0E-3,24.34,274.9E-3,24.39,192.7E-3,24.42,149.0E-3,24.43,121.7E-3,24.44,102.9E-3,24.45,89.21E-3,24.45,78.75E-3,24.45,70.50E-3,24.46,63.81E-3
22.50,3.674,24.05,559.5E-3,24.22,310.3E-3,24.28,217.6E-3,24.30,168.3E-3,24.32,137.4E-3,24.33,116.3E-3,24.33,100.8E-3,24.34,88.96E-3,24.34,79.64E-3,24.34,72.09E-3
22.33,4.109,23.92,630.7E-3,24.10,350.1E-3,24.16,245.6E-3,24.19,190.0E-3,24.20,155.2E-3,24.21,131.3E-3,24.22,113.8E-3,24.22,100.4E-3,24.23,89.92E-3,24.23,81.40E-3
22.14,4.591,23.79,710.5E-3,23.98,394.8E-3,24.04,277.0E-3,24.07,214.3E-3,24.08,175.1E-3,24.09,148.1E-3,24.10,128.4E-3,24.11,113.3E-3,24.11,101.5E-3,24.11,91.85E-3
21.96,5.126,23.66,800.0E-3,23.85,445.0E-3,23.92,312.3E-3,23.95,241.6E-3,23.96,197.4E-3,23.97,167.0E-3,23.98,144.8E-3,23.99,127.8E-3,23.99,114.4E-3,23.99,103.6E-3
21.76,5.717,23.52,900.0E-3,23.72,501.1E-3,23.79,351.8E-3,23.82,272.3E-3,23.84,222.5E-3,23.85,188.2E-3,23.86,163.2E-3,23.86,144.1E-3,23.87,129.0E-3,23.87,116.8E-3
21.57,6.371,23.38,1.012,23.59,564.0E-3,23.66,396.1E-3,23.70,306.6E-3,23.72,250.5E-3,23.73,212.0E-3,23.74,183.8E-3,23.74,162.3E-3,23.75,145.3E-3,23.75,131.5E-3
21.37,7.092,23.24,1.137,23.46,634.4E-3,23.53,445.7E-3,23.57,345.0E-3,23.59,282.0E-3,23.60,238.6E-3,23.61,206.9E-3,23.62,182.6E-3,23.62,163.5E-3,23.63,148.0E-3
21.17,7.887,23.10,1.276,23.32,713.0E-3,23.40,501.2E-3,23.44,388.0E-3,23.46,317.1E-3,23.47,268.4E-3,23.48,232.7E-3,23.49,205.5E-3,23.50,184.0E-3,23.50,166.6E-3
20.96,8.762,22.95,1.432,23.19,800.9E-3,23.27,563.2E-3,23.31,436.1E-3,23.33,356.5E-3,23.35,301.7E-3,23.36,261.6E-3,23.36,231.0E-3,23.37,206.8E-3,23.37,187.3E-3
20.74,9.723,22.81,1.605,23.05,899.0E-3,23.14,632.4E-3,23.18,489.9E-3,23.20,400.5E-3,23.22,338.9E-3,23.23,293.9E-3,23.24,259.5E-3,23.24,232.4E-3,23.25,210.4E-3
20.52,10.78,22.66,1.799,22.91,1.008,23.00,709.7E-3,23.05,549.8E-3,23.07,449.6E-3,23.09,380.5E-3,23.10,330.0E-3,23.11,291.4E-3,23.11,260.9E-3,23.12,236.3E-3
20.30,11.94,22.51,2.013,22.77,1.130,22.87,795.9E-3,22.91,616.8E-3,22.94,504.3E-3,22.96,426.9E-3,22.97,370.3E-3,22.98,327.0E-3,22.99,292.8E-3,22.99,265.1E-3
20.06,13.20,22.36,2.252,22.63,1.266,22.73,891.9E-3,22.78,691.4E-3,22.81,565.4E-3,22.83,478.7E-3,22.84,415.2E-3,22.85,366.7E-3,22.86,328.3E-3,22.86,297.3E-3
19.82,14.58,22.20,2.517,22.49,1.417,22.59,998.9E-3,22.65,774.5E-3,22.68,633.5E-3,22.70,536.4E-3,22.71,465.2E-3,22.72,410.9E-3,22.73,368.0E-3,22.73,333.2E-3
19.58,16.09,22.05,2.812,22.35,1.585,22.46,1.118,22.51,867.0E-3,22.54,709.3E-3,22.56,600.6E-3,22.58,521.0E-3,22.59,460.2E-3,22.60,412.1E-3,22.60,373.2E-3
19.32,17.73,21.89,3.138,22.20,1.772,22.32,1.250,22.37,969.9E-3,22.41,793.6E-3,22.43,672.1E-3,22.45,583.1E-3,22.46,515.0E-3,22.47,461.2E-3,22.47,417.7E-3
19.06,19.52,21.73,3.499,22.06,1.979,22.18,1.397,22.24,1.084,22.27,887.3E-3,22.30,751.5E-3,22.31,652.1E-3,22.33,576.0E-3,22.34,515.9E-3,22.34,467.2E-3
18.79,21.45,21.56,3.898,21.91,2.209,22.03,1.560,22.10,1.211,22.14,991.5E-3,22.16,839.9E-3,22.18,728.8E-3,22.19,643.8E-3,22.21,576.6E-3,22.21,522.2E-3
18.52,23.55,21.39,4.340,21.76,2.463,21.89,1.741,21.96,1.352,22.00,1.107,22.03,937.9E-3,22.05,813.9E-3,22.06,719.1E-3,22.07,644.1E-3,22.08,583.3E-3
18.23,25.81,21.22,4.827,21.60,2.745,21.74,1.942,21.82,1.509,21.86,1.235,21.89,1.047,21.91,908.4E-3,21.93,802.6E-3,21.94,719.0E-3,21.95,651.2E-3
17.94,28.25,21.04,5.365,21.45,3.057,21.60,2.164,21.67,1.682,21.72,1.377,21.75,1.167,21.77,1.013,21.79,895.2E-3,21.80,802.0E-3,21.81,726.4E-3
17.64,30.87,20.86,5.957,21.28,3.401,21.44,2.410,21.52,1.873,21.57,1.535,21.61,1.301,21.63,1.129,21.65,997.9E-3,21.66,894.0E-3,21.67,809.8E-3
17.33,33.69,20.67,6.608,21.12,3.781,21.28,2.681,21.37,2.085,21.42,1.709,21.46,1.449,21.48,1.258,21.50,1.111,21.52,995.9E-3,21.53,902.1E-3
17.01,36.70,20.48,7.323,20.95,4.200,21.12,2.981,21.21,2.319,21.27,1.901,21.31,1.612,21.34,1.400,21.36,1.237,21.37,1.108,21.38,1.004
16.69,39.93,20.27,8.107,20.77,4.661,20.95,3.311,21.05,2.578,21.11,2.113,21.15,1.792,21.18,1.557,21.20,1.376,21.22,1.233,21.23,1.117
16.37,43.36,20.06,8.966,20.58,5.168,20.78,3.675,20.88,2.862,20.95,2.348,20.99,1.991,21.02,1.730,21.04,1.529,21.06,1.370,21.08,1.242
16.04,47.01,19.85,9.905,20.39,5.725,20.60,4.075,20.71,3.175,20.78,2.605,20.82,2.210,20.85,1.920,20.88,1.698,20.90,1.522,20.91,1.379
15.70,50.89,19.62,10.93,20.19,6.336,20.41,4.514,20.53,3.520,20.60,2.889,20.64,2.452,20.68,2.130,20.70,1.883,20.73,1.688,20.74,1.530
15.36,54.99,19.38,12.05,19.98,7.004,20.21,4.996,20.33,3.898,20.41,3.200,20.46,2.716,20.50,2.361,20.52,2.088,20.55,1.872,20.56,1.696
15.02,59.32,19.14,13.26,19.76,7.734,20.01,5.524,20.14,4.312,20.21,3.542,20.27,3.007,20.31,2.614,20.34,2.312,20.36,2.073,20.38,1.879
14.67,63.88,18.88,14.58,19.54,8.531,19.79,6.100,19.93,4.765,20.01,3.916,20.07,3.325,20.11,2.891,20.14,2.557,20.16,2.293,20.18,2.079
14.33,68.67,18.62,16.01,19.30,9.399,19.57,6.729,19.71,5.261,19.80,4.324,19.85,3.674,19.90,3.194,19.93,2.826,19.96,2.535,19.98,2.298
13.98,73.69,18.34,17.56,19.05,10.34,19.33,7.415,19.48,5.801,19.57,4.770,19.63,4.054,19.68,3.526,19.71,3.120,19.74,2.798,19.76,2.537
13.64,78.95,18.06,19.23,18.80,11.37,19.09,8.160,19.24,6.388,19.34,5.256,19.40,4.468,19.45,3.887,19.49,3.440,19.51,3.086,19.54,2.798
13.30,84.43,17.77,21.02,18.53,12.47,18.83,8.969,18.99,7.027,19.09,5.785,19.16,4.919,19.21,4.280,19.25,3.789,19.28,3.399,19.30,3.082
12.96,90.14,17.47,22.95,18.25,13.67,18.57,9.845,18.74,7.719,18.84,6.358,18.91,5.408,18.96,4.707,19.00,4.167,19.03,3.739,19.06,3.391
12.62,96.07,17.16,25.02,17.97,14.96,18.30,10.79,18.47,8.469,18.58,6.979,18.65,5.938,18.71,5.170,18.75,4.578,18.78,4.108,18.80,3.726
12.29,102.2,16.85,27.23,17.68,16.35,18.01,11.81,18.19,9.278,18.31,7.650,18.38,6.512,18.44,5.670,18.48,5.022,18.51,4.508,18.54,4.089
11.96,108.6,16.53,29.59,17.38,17.84,17.72,12.91,17.91,10.15,18.03,8.373,18.11,7.130,18.16,6.210,18.21,5.502,18.24,4.939,18.27,4.481
11.64,115.1,16.20,32.10,17.07,19.44,17.43,14.09,17.62,11.09,17.74,9.151,17.82,7.796,17.88,6.793,17.92,6.019,17.96,5.404,17.99,4.904
11.32,121.9,15.87,34.76,16.76,21.14,17.12,15.35,17.32,12.09,17.44,9.987,17.53,8.512,17.59,7.418,17.63,6.575,17.67,5.904,17.70,5.358
11.01,128.9,15.54,37.59,16.44,22.96,16.81,16.70,17.01,13.17,17.14,10.88,17.23,9.279,17.29,8.089,17.34,7.171,17.37,6.441,17.41,5.846
10.71,136.0,15.20,40.57,16.12,24.89,16.50,18.14,16.70,14.32,16.83,11.84,16.92,10.10,16.99,8.807,17.03,7.810,17.07,7.016,17.10,6.369
10.41,143.4,14.86,43.72,15.79,26.94,16.18,19.67,16.39,15.54,16.52,12.86,16.61,10.98,16.68,9.574,16.73,8.492,16.77,7.630,16.80,6.927
10.12,150.9,14.53,47.03,15.46,29.11,15.85,21.30,16.07,16.85,16.20,13.95,16.29,11.91,16.36,10.39,16.41,9.219,16.45,8.285,16.49,7.523
9.842,158.5,14.19,50.50,15.13,31.41,15.53,23.02,15.74,18.23,15.88,15.10,15.98,12.90,16.05,11.26,16.10,9.992,16.14,8.981,16.17,8.157
9.568,166.4,13.85,54.14,14.80,33.83,15.20,24.85,15.42,19.69,15.56,16.33,15.66,13.95,15.73,12.18,15.78,10.81,15.82,9.721,15.85,8.830
9.301,174.4,13.52,57.94,14.46,36.37,14.87,26.77,15.09,21.24,15.23,17.62,15.33,15.06,15.40,13.16,15.46,11.68,15.50,10.50,15.54,9.543
9.043,182.5,13.19,61.91,14.13,39.04,14.54,28.79,14.77,22.87,14.91,18.98,15.01,16.24,15.08,14.19,15.14,12.60,15.18,11.33,15.22,10.30
8.792,190.7,12.86,66.03,13.80,41.84,14.21,30.91,14.44,24.58,14.59,20.42,14.69,17.47,14.76,15.27,14.82,13.57,14.86,12.21,14.90,11.09
8.548,199.1,12.53,70.32,13.47,44.76,13.89,33.14,14.12,26.38,14.26,21.93,14.36,18.78,14.44,16.42,14.49,14.59,14.54,13.13,14.58,11.93
8.313,207.6,12.21,74.76,13.15,47.81,13.56,35.46,13.79,28.26,13.94,23.51,14.04,20.14,14.12,17.62,14.18,15.66,14.22,14.09,14.26,12.81
8.085,216.2,11.90,79.36,12.83,50.98,13.24,37.89,13.47,30.23,13.62,25.17,13.73,21.57,13.80,18.87,13.86,16.78,13.90,15.10,13.94,13.73
7.864,225.0,11.59,84.11,12.51,54.28,12.93,40.42,13.16,32.29,13.31,26.90,13.41,23.06,13.49,20.19,13.54,17.95,13.59,16.17,13.63,14.70
7.651,233.8,11.29,89.01,12.20,57.69,12.61,43.05,12.84,34.43,12.99,28.70,13.10,24.62,13.17,21.56,13.23,19.18,13.28,17.27,13.32,15.71
7.446,242.7,10.99,94.05,11.90,61.23,12.30,45.79,12.54,36.65,12.69,30.58,12.79,26.25,12.87,22.99,12.93,20.46,12.97,18.43,13.01,16.76
7.247,251.7,10.70,99.23,11.60,64.89,12.00,48.61,12.23,38.96,12.38,32.53,12.49,27.93,12.56,24.48,12.62,21.79,12.67,19.63,12.71,17.86
7.055,260.7,10.42,104.5,11.30,68.66,11.70,51.54,11.94,41.35,12.08,34.55,12.19,29.68,12.27,26.02,12.33,23.17,12.37,20.88,12.41,19.00
6.870,269.9,10.14,110.0,11.01,72.54,11.41,54.56,11.64,43.82,11.79,36.64,11.90,31.50,11.97,27.62,12.03,24.60,12.08,22.17,12.12,20.18
6.691,279.1,9.873,115.6,10.73,76.54,11.13,57.68,11.36,46.37,11.51,38.81,11.61,33.37,11.69,29.28,11.75,26.08,11.79,23.51,11.83,21.41
6.519,288.3,9.612,121.2,10.46,80.64,10.85,60.88,11.08,49.01,11.22,41.04,11.33,35.31,11.41,30.99,11.46,27.61,11.51,24.90,11.55,22.67
6.353,297.7,9.358,127.0,10.19,84.84,10.58,64.18,10.80,51.72,10.95,43.34,11.05,37.30,11.13,32.75,11.19,29.19,11.24,26.33,11.27,23.98
6.193,307.0,9.111,133.0,9.927,89.15,10.31,67.56,10.54,54.50,10.68,45.70,10.78,39.36,10.86,34.57,10.92,30.82,10.97,27.80,11.01,25.33
6.039,316.4,8.872,139.0,9.673,93.55,10.05,71.03,10.27,57.36,10.42,48.13,10.52,41.47,10.60,36.44,10.66,32.49,10.70,29.32,10.74,26.71
5.890,325.9,8.639,145.1,9.426,98.05,9.801,74.58,10.02,60.29,10.16,50.63,10.27,43.64,10.34,38.36,10.40,34.22,10.45,30.88,10.49,28.14
5.746,335.4,8.414,151.3,9.186,102.6,9.556,78.21,9.773,63.29,9.916,53.18,10.02,45.87,10.09,40.33,10.15,35.98,10.20,32.48,10.24,29.61
5.608,344.9,8.196,157.6,8.953,107.3,9.318,81.92,9.533,66.36,9.675,55.80,9.775,48.15,9.850,42.35,9.909,37.80,9.955,34.13,9.993,31.11
5.475,354.5,7.985,164.0,8.727,112.1,9.086,85.70,9.299,69.49,9.440,58.47,9.539,50.48,9.614,44.41,9.672,39.65,9.718,35.81,9.756,32.65
5.346,364.0,7.781,170.5,8.508,116.9,8.862,89.56,9.072,72.69,9.211,61.20,9.310,52.86,9.384,46.53,9.442,41.55,9.488,37.53,9.525,34.23
5.222,373.6,7.584,177.1,8.295,121.8,8.644,93.48,8.851,75.95,8.989,63.99,9.087,55.30,9.161,48.69,9.218,43.49,9.264,39.29,9.301,35.84
5.103,383.3,7.393,183.7,8.089,126.8,8.432,97.47,8.637,79.27,8.774,66.83,8.871,57.78,8.944,50.89,9.001,45.47,9.046,41.09,9.083,37.48
4.988,392.9,7.209,190.4,7.890,131.9,8.227,101.5,8.430,82.65,8.565,69.72,8.661,60.31,8.734,53.13,8.790,47.48,8.835,42.92,8.872,39.16
4.877,402.5,7.030,197.2,7.697,137.0,8.029,105.6,8.229,86.08,8.362,72.67,8.458,62.88,8.529,55.42,8.585,49.54,8.630,44.79,8.667,40.87
4.769,412.2,6.858,204.0,7.510,142.2,7.837,109.8,8.034,89.57,8.166,75.66,8.260,65.49,8.331,57.74,8.387,51.63,8.431,46.69,8.467,42.62
4.666,421.9,6.692,210.9,7.330,147.5,7.651,114.0,7.845,93.11,7.975,78.69,8.069,68.15,8.139,60.11,8.194,53.76,8.238,48.63,8.274,44.39
4.566,431.5,6.531,217.8,7.155,152.8,7.470,118.3,7.662,96.69,7.791,81.78,7.883,70.85,7.953,62.51,8.007,55.92,8.051,50.59,8.087,46.19
4.469,441.2,6.376,224.8,6.986,158.1,7.296,122.7,7.485,100.3,7.612,84.90,7.703,73.59,7.772,64.95,7.826,58.12,7.870,52.59,7.905,48.02
4.376,450.9,6.226,231.8,6.822,163.6,7.127,127.1,7.313,104.0,7.439,88.07,7.529,76.37,7.598,67.42,7.651,60.35,7.694,54.62,7.729,49.88
4.286,460.6,6.081,238.9,6.664,169.0,6.963,131.5,7.147,107.7,7.271,91.27,7.360,79.18,7.428,69.92,7.481,62.60,7.524,56.67,7.559,51.77
4.199,470.3,5.941,246.0,6.511,174.5,6.805,136.0,6.986,111.5,7.108,94.51,7.197,82.03,7.264,72.46,7.316,64.89,7.359,58.75,7.393,53.68
4.115,479.9,5.806,253.2,6.363,180.1,6.652,140.5,6.830,115.3,6.951,97.80,7.039,84.91,7.105,75.03,7.157,67.21,7.199,60.86,7.233,55.61
4.034,489.6,5.675,260.4,6.221,185.7,6.504,145.1,6.679,119.1,6.799,101.1,6.885,87.83,6.951,77.63,7.002,69.55,7.044,63.00,7.078,57.57
3.955,499.3,5.549,267.6,6.082,191.3,6.361,149.7,6.534,123.0,6.651,104.5,6.737,90.77,6.801,80.26,6.852,71.92,6.893,65.16,6.927,59.56
3.879,508.9,5.427,274.9,5.949,197.0,6.222,154.3,6.392,126.9,6.508,107.8,6.593,93.75,6.657,82.91,6.707,74.32,6.748,67.34,6.781,61.56
3.805,518.6,5.309,282.1,5.819,202.7,6.088,159.0,6.255,130.9,6.370,111.3,6.453,96.75,6.517,85.59,6.567,76.74,6.607,69.55,6.640,63.59
3.734,528.2,5.196,289.4,5.694,208.5,5.958,163.7,6.123,134.9,6.236,114.7,6.318,99.78,6.381,88.30,6.430,79.19,6.470,71.78,6.503,65.63
3.665,537.8,5.086,296.7,5.573,214.2,5.832,168.4,5.995,138.9,6.106,118.2,6.187,102.8,6.249,91.03,6.298,81.65,6.338,74.03,6.370,67.70
3.598,547.4,4.979,304.1,5.456,220.0,5.710,173.2,5.870,142.9,5.980,121.7,6.061,105.9,6.122,93.78,6.170,84.14,6.209,76.30,6.242,69.79
3.533,557.0,4.876,311.4,5.343,225.8,5.593,178.0,5.750,147.0,5.858,125.2,5.938,109.0,5.998,96.56,6.046,86.65,6.085,78.58,6.117,71.89
3.470,566.6,4.777,318.8,5.233,231.7,5.478,182.8,5.633,151.0,5.740,128.7,5.819,112.1,5.878,99.35,5.926,89.18,5.964,80.89,5.996,74.01
3.409,576.2,4.680,326.2,5.126,237.5,5.368,187.6,5.520,155.1,5.626,132.3,5.703,115.3,5.762,102.2,5.809,91.73,5.847,83.22,5.878,76.15
3.350,585.7,4.587,333.6,5.024,243.4,5.260,192.5,5.411,159.3,5.515,135.9,5.591,118.5,5.650,105.0,5.696,94.29,5.733,85.56,5.764,78.31
3.292,595.2,4.496,341.0,4.924,249.3,5.156,197.4,5.304,163.4,5.407,139.5,5.482,121.6,5.540,107.9,5.586,96.87,5.623,87.92,5.654,80.47
3.236,604.7,4.409,348.4,4.827,255.3,5.056,202.3,5.201,167.6,5.302,143.1,5.377,124.8,5.434,110.7,5.479,99.47,5.516,90.29,5.546,82.66
3.182,614.2,4.324,355.8,4.733,261.2,4.958,207.2,5.101,171.8,5.201,146.7,5.274,128.1,5.331,113.6,5.376,102.1,5.412,92.67,5.442,84.85
3.129,623.7,4.242,363.2,4.642,267.1,4.863,212.1,5.004,176.0,5.102,150.4,5.175,131.3,5.231,116.5,5.275,104.7,5.311,95.07,5.341,87.06
3.078,633.1,4.162,370.7,4.554,273.1,4.771,217.1,4.910,180.2,5.007,154.1,5.078,134.6,5.134,119.4,5.177,107.3,5.213,97.49,5.242,89.28
3.028,642.5,4.085,378.1,4.469,279.1,4.681,222.0,4.818,184.4,4.914,157.8,4.985,137.8,5.039,122.4,5.082,110.0,5.118,99.91,5.147,91.52
2.979,651.9,4.010,385.5,4.386,285.0,4.595,227.0,4.729,188.7,4.824,161.5,4.893,141.1,4.947,125.3,4.990,112.7,5.025,102.3,5.054,93.76
2.932,661.3,3.937,392.9,4.305,291.0,4.510,232.0,4.643,192.9,4.736,165.2,4.805,144.4,4.858,128.2,4.900,115.3,4.935,104.8,4.963,96.01
2.886,670.6,3.866,400.3,4.227,297.0,4.428,237.0,4.559,197.2,4.650,168.9,4.718,147.7,4.771,131.2,4.813,118.0,4.847,107.2,4.875,98.27
2.841,679.9,3.797,407.8,4.151,303.0,4.349,241.9,4.477,201.5,4.567,172.6,4.634,151.0,4.686,134.2,4.728,120.7,4.761,109.7,4.789,100.5
2.797,689.2,3.731,415.2,4.077,309.0,4.271,247.0,4.397,205.8,4.486,176.4,4.553,154.3,4.604,137.2,4.645,123.4,4.678,112.2,4.706,102.8
2.754,698.5,3.666,422.6,4.005,315.0,4.196,252.0,4.320,210.1,4.408,180.1,4.473,157.6,4.524,140.1,4.564,126.1,4.597,114.7,4.625,105.1
2.713,707.7,3.602,429.9,3.934,321.0,4.122,257.0,4.245,214.4,4.331,183.9,4.396,161.0,4.446,143.1,4.485,128.8,4.518,117.1,4.545,107.4
2.672,716.9,3.541,437.3,3.866,327.0,4.051,262.0,4.171,218.6,4.256,187.6,4.320,164.3,4.369,146.1,4.409,131.6,4.441,119.6,4.468,109.7
2.632,726.0,3.481,444.7,3.800,333.0,3.981,267.0,4.100,222.9,4.184,191.4,4.246,167.6,4.295,149.1,4.334,134.3,4.366,122.1,4.392,112.0
2.593,735.1,3.423,452.0,3.735,338.9,3.913,272.0,4.030,227.3,4.113,195.1,4.174,171.0,4.222,152.1,4.261,137.0,4.292,124.6,4.319,114.3
2.555,744.2,3.366,459.4,3.672,344.9,3.847,277.0,3.962,231.6,4.043,198.9,4.104,174.3,4.152,155.1,4.190,139.8,4.221,127.1,4.247,116.6
2.518,753.3,3.311,466.7,3.611,350.9,3.782,282.0,3.895,235.9,3.976,202.7,4.036,177.7,4.082,158.1,4.120,142.5,4.151,129.6,4.176,118.9
2.482,762.3,3.257,474.0,3.551,356.8,3.719,287.0,3.830,240.1,3.909,206.4,3.969,181.0,4.015,161.2,4.052,145.2,4.082,132.1,4.107,121.2
2.446,771.2,3.204,481.3,3.492,362.8,3.658,292.0,3.767,244.4,3.845,210.2,3.903,184.4,3.949,164.2,3.985,148.0,4.015,134.7,4.040,123.5
2.412,780.2,3.153,488.5,3.435,368.7,3.598,297.0,3.705,248.7,3.782,214.0,3.839,187.7,3.884,167.2,3.920,150.7,3.950,137.2,3.974,125.9
2.378,789.0,3.103,495.7,3.379,374.6,3.539,302.0,3.645,253.0,3.720,217.7,3.777,191.0,3.821,170.2,3.856,153.4,3.886,139.7,3.910,128.2
2.344,797.9,3.054,503.0,3.325,380.5,3.482,306.9,3.585,257.3,3.660,221.5,3.715,194.4,3.759,173.2,3.794,156.2,3.823,142.2,3.847,130.5
2.311,806.7,3.006,510.1,3.272,386.4,3.425,311.9,3.527,261.5,3.600,225.2,3.655,197.7,3.698,176.2,3.733,158.9,3.761,144.7,3.785,132.8
2.279,815.4,2.959,517.3,3.220,392.3,3.371,316.8,3.471,265.8,3.543,228.9,3.597,201.0,3.639,179.2,3.673,161.6,3.701,147.2,3.724,135.1
2.248,824.1,2.914,524.4,3.169,398.1,3.317,321.7,3.415,270.0,3.486,232.7,3.539,204.3,3.581,182.2,3.614,164.3,3.642,149.6,3.665,137.4
2.217,832.7,2.869,531.5,3.119,403.9,3.264,326.6,3.361,274.3,3.430,236.4,3.483,207.6,3.524,185.1,3.557,167.0,3.584,152.1,3.607,139.7
2.187,841.3,2.825,538.6,3.070,409.7,3.213,331.5,3.308,278.5,3.376,240.1,3.427,210.9,3.468,188.1,3.500,169.7,3.527,154.6,3.549,142.0
2.157,849.9,2.783,545.6,3.022,415.5,3.162,336.4,3.255,282.7,3.323,243.7,3.373,214.2,3.413,191.1,3.445,172.4,3.471,157.1,3.493,144.2
2.128,858.3,2.741,552.6,2.975,421.2,3.113,341.2,3.204,286.9,3.270,247.4,3.320,217.5,3.359,194.0,3.391,175.1,3.417,159.5,3.438,146.5
2.099,866.7,2.699,559.5,2.930,427.0,3.064,346.1,3.154,291.0,3.219,251.1,3.268,220.7,3.306,196.9,3.337,177.8,3.363,162.0,3.384,148.8
2.071,875.1,2.659,566.4,2.885,432.6,3.017,350.9,3.105,295.2,3.168,254.7,3.217,224.0,3.254,199.9,3.285,180.4,3.310,164.4,3.331,151.0
2.043,883.4,2.620,573.3,2.841,438.3,2.970,355.6,3.056,299.3,3.119,258.3,3.166,227.2,3.204,202.8,3.234,183.1,3.258,166.8,3.279,153.3
2.016,891.6,2.581,580.1,2.797,443.9,2.924,360.4,3.009,303.4,3.070,261.9,3.117,230.4,3.154,205.7,3.183,185.7,3.207,169.3,3.228,155.5
1.989,899.7,2.543,586.9,2.755,449.5,2.879,365.1,2.963,307.4,3.023,265.5,3.069,233.6,3.104,208.5,3.134,188.3,3.157,171.7,3.178,157.7
1.962,907.8,2.506,593.6,2.713,455.0,2.835,369.8,2.917,311.5,2.976,269.0,3.021,236.8,3.056,211.4,3.085,190.9,3.108,174.0,3.128,159.9
1.936,915.8,2.469,600.3,2.672,460.5,2.792,374.4,2.872,315.5,2.930,272.6,2.974,239.9,3.009,214.2,3.037,193.5,3.060,176.4,3.080,162.1
1.911,923.8,2.433,606.9,2.632,466.0,2.749,379.0,2.828,319.5,2.885,276.1,2.928,243.0,2.963,217.0,2.990,196.0,3.013,178.8,3.032,164.3
1.885,931.6,2.398,613.5,2.593,471.4,2.708,383.6,2.785,323.4,2.841,279.5,2.883,246.1,2.917,219.8,2.944,198.6,2.967,181.1,2.986,166.4
1.861,939.4,2.364,620.0,2.554,476.8,2.667,388.1,2.742,327.3,2.797,283.0,2.839,249.2,2.872,222.6,2.899,201.1,2.921,183.4,2.940,168.6
1.836,947.1,2.330,626.5,2.517,482.1,2.627,392.6,2.701,331.2,2.755,286.4,2.796,252.2,2.828,225.3,2.855,203.6,2.877,185.7,2.895,170.7
1.812,954.7,2.296,632.9,2.479,487.3,2.587,397.1,2.660,335.0,2.713,289.8,2.754,255.2,2.785,228.0,2.811,206.1,2.833,188.0,2.851,172.8
1.789,962.2,2.264,639.2,2.443,492.6,2.549,401.5,2.620,338.8,2.672,293.1,2.712,258.2,2.743,230.7,2.769,208.5,2.790,190.2,2.808,174.9
1.765,969.7,2.231,645.5,2.407,497.7,2.511,405.8,2.581,342.6,2.632,296.4,2.671,261.2,2.702,233.4,2.727,211.0,2.748,192.5,2.765,176.9
1.743,977.0,2.200,651.7,2.372,502.8,2.474,410.1,2.542,346.3,2.593,299.7,2.631,264.1,2.662,236.0,2.686,213.4,2.707,194.7,2.724,179.0
1.720,984.2,2.169,657.8,2.337,507.9,2.437,414.4,2.505,350.0,2.554,302.9,2.592,267.0,2.622,238.6,2.646,215.7,2.666,196.8,2.683,181.0
1.698,991.4,2.138,663.9,2.304,512.9,2.401,418.6,2.468,353.7,2.516,306.1,2.554,269.8,2.583,241.2,2.607,218.1,2.627,199.0,2.644,183.0
1.676,998.4,2.109,669.9,2.270,517.8,2.366,422.8,2.432,357.3,2.479,309.3,2.516,272.7,2.545,243.8,2.569,220.4,2.588,201.1,2.605,184.9
1.655,1.005E3,2.079,675.8,2.238,522.7,2.332,426.9,2.396,360.8,2.443,312.4,2.479,275.4,2.508,246.3,2.531,222.7,2.551,203.2,2.567,186.9
1.634,1.012E3,2.050,681.6,2.206,527.5,2.298,430.9,2.362,364.3,2.408,315.5,2.443,278.2,2.472,248.8,2.495,224.9,2.514,205.3,2.530,188.8
1.613,1.019E3,2.022,687.4,2.175,532.2,2.266,434.9,2.328,367.8,2.373,318.5,2.408,280.9,2.436,251.2,2.459,227.2,2.478,207.3,2.494,190.7
